season,player_id,ast_pct
1997,920,0.074
1997,243,0.159
1997,1425,0.029
1997,228,0.063
1997,1502,0.037
1997,154,0.0
1997,673,0.068
1997,275,0.14
1997,947,0.294
1997,297,0.052
1997,175,0.04
1997,1541,0.156
1997,692,0.061
1997,457,0.04
1997,358,0.216
1997,194,0.078
1997,924,0.226
1997,1533,0.222
1997,193,0.174
1997,292,0.02
1997,1515,0.179
1997,324,0.17
1997,156,0.075
1997,952,0.154
1997,1498,0.268
1997,213,0.049
1997,226,0.063
1997,686,0.076
1997,288,0.087
1997,717,0.161
1997,1506,0.052
1997,422,0.351
1997,769,0.278
1997,989,0.0
1997,1112,0.023
1997,104,0.024
1997,223,0.037
1997,82,0.071
1997,182,0.151
1997,902,0.28
1997,183,0.068
1997,898,0.17
1997,448,0.122
1997,737,0.0
1997,682,0.305
1997,310,0.33
1997,1517,0.288
1997,184,0.155
1997,38,0.088
1997,1585,0.031
1997,699,0.153
1997,85,0.229
1997,1510,0.418
1997,967,0.105
1997,258,0.077
1997,1680,0.047
1997,216,0.273
1997,240,0.245
1997,1477,0.096
1997,735,0.108
1997,179,0.122
1997,935,0.075
1997,1528,0.142
1997,433,0.046
1997,384,0.096
1997,61,0.083
1997,1063,0.086
1997,435,0.08
1997,76,0.111
1997,1538,0.113
1997,787,0.162
1997,279,0.055
1997,1525,0.112
1997,891,0.12
1997,1520,0.128
1997,369,0.306
1997,1497,0.242
1997,685,0.046
1997,1512,0.094
1997,713,0.112
1997,164,0.288
1997,1544,0.062
1997,201,0.039
1997,1612,0.241
1997,423,0.066
1997,168,0.104
1997,356,0.08
1997,904,0.135
1997,997,0.167
1997,185,0.176
1997,43,0.293
1997,363,0.148
1997,456,0.095
1997,359,0.077
1997,221,0.065
1997,361,0.118
1997,32,0.0
1997,17,0.268
1997,1133,0.21
1997,916,0.053
1997,722,0.147
1997,724,0.286
1997,905,0.049
1997,107,0.081
1997,757,0.34
1997,105,0.135
1997,7,0.059
1997,344,0.282
1997,198,0.102
1997,1504,0.081
1997,330,0.138
1997,353,0.346
1997,239,0.23
1997,1032,0.039
1997,128,0.037
1997,764,0.159
1997,710,0.069
1997,133,0.303
1997,766,0.113
1997,1545,0.269
1997,1051,0.058
1997,244,0.149
1997,209,0.127
1997,23,0.112
1997,192,0.115
1997,1507,0.219
1997,965,0.27
1997,1575,0.0
1997,157,0.233
1997,400,0.056
1997,934,0.123
1997,365,0.119
1997,96,0.199
1997,54,0.115
1997,87,0.048
1997,931,0.0
1997,690,0.04
1997,140,0.08
1997,1126,0.111
1997,963,0.089
1997,112,0.0
1997,923,0.109
1997,57,0.16
1997,77,0.233
1997,28,0.105
1997,1003,0.257
1997,190,0.024
1997,273,0.093
1997,1516,0.132
1997,1055,0.125
1997,698,0.103
1997,224,0.133
1997,922,0.075
1997,695,0.143
1997,386,0.233
1997,1023,0.158
1997,376,0.025
1997,785,0.284
1997,15,0.084
1997,35,0.065
1997,727,0.317
1997,1540,0.093
1997,677,0.143
1997,956,0.06
1997,1065,0.187
1997,911,0.04
1997,1564,0.143
1997,280,0.033
1997,697,0.089
1997,202,0.389
1997,56,0.361
1997,718,0.1
1997,248,0.146
1997,45,0.105
1997,678,0.061
1997,1666,0.31
1997,786,0.112
1997,779,0.099
1997,299,0.132
1997,1539,0.419
1997,255,0.309
1997,3,0.056
1997,246,0.056
1997,21,0.344
1997,323,0.054
1997,37,0.2
1997,65,0.117
1997,731,0.029
1997,165,0.159
1997,1677,0.105
1997,265,0.067
1997,1080,0.055
1997,1006,0.041
1997,765,0.125
1997,270,0.11
1997,1024,0.034
1997,73,0.053
1997,458,0.347
1997,93,0.114
1997,1134,0.14
1997,375,0.153
1997,1096,0.06
1997,462,0.078
1997,917,0.0
1997,1521,0.315
1997,147,0.18
1997,469,0.134
1997,1530,0.056
1997,1526,0.0
1997,381,0.194
1997,994,0.054
1997,1114,0.116
1997,679,0.088
1997,467,0.356
1997,1535,0.083
1997,420,0.045
1997,81,0.118
1997,204,0.229
1997,999,0.086
1997,1532,0.111
1997,979,0.037
1997,760,0.095
1997,966,0.061
1997,711,0.17
1997,754,0.222
1997,29,0.021
1997,1429,0.25
1997,247,0.187
1997,170,0.123
1997,693,0.077
1997,1086,0.063
1997,341,0.08
1997,180,0.276
1997,317,0.188
1997,304,0.447
1997,1519,0.05
1997,961,0.083
1997,271,0.126
1997,1511,0.014
1997,468,0.194
1997,146,0.134
1997,436,0.135
1997,252,0.204
1997,1529,0.03
1997,173,0.065
1997,1522,0.077
1997,1569,0.041
1997,1496,0.075
1997,1509,0.038
1997,383,0.12
1997,72,0.311
1997,954,0.104
1997,236,0.125
1997,708,0.178
1997,134,0.288
1997,1563,0.263
1997,1089,0.051
1997,788,0.058
1997,234,0.196
1997,1619,0.214
1997,977,0.165
1997,703,0.077
1997,111,0.158
1997,441,0.099
1997,913,0.112
1997,1683,0.043
1997,84,0.227
1997,1444,0.102
1997,734,0.214
1997,289,0.054
1997,195,0.271
1997,283,0.15
1997,1036,0.211
1997,1380,0.089
1997,953,0.044
1997,31,0.039
1997,919,0.045
1997,26,0.151
1997,446,0.098
1997,51,0.195
1997,990,0.086
1997,907,0.108
1997,948,0.095
1997,712,0.084
1997,53,0.173
1997,95,0.059
1997,707,0.141
1997,971,0.086
1997,349,0.443
1997,998,0.062
1997,899,0.363
1997,1110,0.052
1997,770,0.036
1997,1527,0.113
1997,982,0.08
1997,55,0.101
1997,672,0.082
1997,761,0.076
1997,1074,0.151
1997,1508,0.069
1997,262,0.038
1997,688,0.117
1997,714,0.222
1997,893,0.174
1997,1075,0.0
1997,63,0.121
1997,1565,0.054
1997,52,0.299
1997,782,0.199
1997,348,0.15
1997,42,0.115
1997,302,0.288
1997,177,0.344
1997,203,0.296
1997,98,0.135
1997,89,0.335
1997,178,0.122
1997,932,0.187
1997,970,0.047
1997,901,0.168
1997,136,0.071
1997,121,0.065
1997,442,0.102
1997,432,0.112
1997,939,0.158
1997,71,0.28
1997,461,0.082
1997,968,0.121
1997,753,0.207
1997,988,0.104
1997,739,0.114
1997,951,0.189
1997,1002,0.175
1997,1682,0.056
1997,674,0.147
1997,397,0.106
1997,1073,0.073
1997,364,0.149
1997,777,0.25
1997,1594,0.253
1997,296,0.155
1997,328,0.034
1997,894,0.155
1997,22,0.091
1997,109,0.104
1997,123,0.243
1997,393,0.417
1997,915,0.139
1997,1518,0.175
1997,166,0.157
1997,1500,0.114
1997,938,0.089
1997,964,0.032
1997,1601,0.054
1997,208,0.388
1997,694,0.118
1997,417,0.078
1997,64,0.107
1997,955,0.043
1997,1513,0.05
1997,418,0.275
1997,197,0.102
1997,281,0.061
1997,937,0.244
1997,251,0.1
1997,925,0.0
1997,399,0.085
1997,1000,0.099
1997,406,0.125
1997,949,0.131
1997,412,0.148
1997,762,0.058
1997,431,0.132
1997,704,0.109
1997,1035,0.071
1997,1578,0.0
1997,428,0.327
1997,892,0.294
1997,278,0.099
1997,914,0.032
1997,1128,0.094
1997,950,0.359
1997,1667,0.105
1997,70,0.148
1997,959,0.249
1997,120,0.187
1997,1037,0.053
1997,1505,0.087
1997,210,0.363
1997,187,0.07
1997,426,0.025
1997,143,0.233
1997,371,0.082
1997,345,0.236
1997,689,0.039
1997,160,0.154
1997,1495,0.131
1997,896,0.401
1997,1118,0.094
1997,100,0.058
1997,1501,0.092
1997,103,0.132
1997,957,0.027
1997,1472,0.0
1997,339,0.177
1997,67,0.048
1997,389,0.231
1997,1499,0.075
1997,960,0.194
1997,434,0.179
1997,1108,0.046
1997,763,0.04
1997,380,0.238
1997,1503,0.136
1997,145,0.065
1997,696,0.331
1997,969,0.108
1997,1576,0.094
1997,1607,0.444
1997,895,0.105
1997,238,0.067
1997,721,0.334
1997,137,0.154
1997,452,0.092
1997,355,0.134
1997,219,0.172
1997,958,0.083
1997,124,0.154
1997,702,0.115
1997,1005,0.149
1997,962,0.119
1997,445,0.102
1997,781,0.059
1997,1061,0.042
1997,416,0.043
1997,1365,0.083
1997,212,0.026
1997,440,0.083
1997,980,0.054
1998,920,0.043
1998,243,0.183
1998,1425,0.094
1998,228,0.074
1998,1502,0.049
1998,1817,0.273
1998,1733,0.06
1998,673,0.048
1998,275,0.152
1998,947,0.234
1998,297,0.086
1998,1591,0.333
1998,1541,0.207
1998,1754,0.094
1998,692,0.049
1998,1845,0.182
1998,457,0.058
1998,358,0.248
1998,1712,0.058
1998,138,0.043
1998,1533,0.249
1998,292,0.044
1998,1515,0.0
1998,324,0.139
1998,156,0.107
1998,952,0.152
1998,1498,0.31
1998,213,0.049
1998,226,0.029
1998,686,0.085
1998,288,0.053
1998,717,0.156
1998,1506,0.075
1998,422,0.362
1998,769,0.305
1998,989,0.25
1998,1112,0.023
1998,104,0.043
1998,223,0.05
1998,82,0.085
1998,182,0.133
1998,902,0.286
1998,183,0.115
1998,898,0.19
1998,448,0.111
1998,682,0.361
1998,1517,0.305
1998,184,0.168
1998,1719,0.231
1998,1802,0.081
1998,1585,0.0
1998,699,0.193
1998,85,0.227
1998,1510,0.442
1998,967,0.188
1998,258,0.073
1998,216,0.333
1998,1730,0.007
1998,1477,0.092
1998,1743,0.143
1998,735,0.099
1998,179,0.113
1998,1724,0.193
1998,935,0.072
1998,384,0.096
1998,61,0.025
1998,435,0.2
1998,1745,0.0
1998,76,0.074
1998,1538,0.137
1998,787,0.216
1998,1525,0.126
1998,891,0.171
1998,1869,0.156
1998,1593,0.07
1998,1520,0.071
1998,369,0.289
1998,1497,0.192
1998,685,0.057
1998,1512,0.093
1998,713,0.102
1998,164,0.267
1998,1544,0.059
1998,201,0.017
1998,423,0.077
1998,12,0.048
1998,168,0.13
1998,356,0.073
1998,904,0.112
1998,185,0.171
1998,43,0.276
1998,363,0.14
1998,456,0.107
1998,359,0.086
1998,221,0.065
1998,361,0.128
1998,1133,0.183
1998,1736,0.065
1998,916,0.037
1998,722,0.076
1998,724,0.275
1998,1757,0.206
1998,1749,0.137
1998,905,0.025
1998,107,0.055
1998,1800,0.209
1998,757,0.322
1998,105,0.151
1998,7,0.044
1998,344,0.3
1998,198,0.101
1998,1504,0.038
1998,330,0.168
1998,353,0.401
1998,239,0.257
1998,764,0.12
1998,710,0.015
1998,133,0.312
1998,766,0.086
1998,1545,0.329
1998,1051,0.04
1998,244,0.187
1998,209,0.105
1998,23,0.063
1998,192,0.091
1998,1507,0.305
1998,965,0.256
1998,157,0.255
1998,400,0.042
1998,934,0.128
1998,365,0.094
1998,96,0.177
1998,54,0.082
1998,87,0.056
1998,1717,0.082
1998,1122,0.131
1998,931,0.078
1998,690,0.057
1998,923,0.093
1998,57,0.198
1998,77,0.174
1998,28,0.109
1998,1003,0.238
1998,190,0.029
1998,273,0.0
1998,368,0.2
1998,1863,0.303
1998,1516,0.083
1998,698,0.063
1998,224,0.17
1998,922,0.091
1998,695,0.232
1998,386,0.305
1998,376,0.042
1998,785,0.289
1998,15,0.074
1998,35,0.06
1998,727,0.296
1998,1540,0.069
1998,677,0.094
1998,956,0.064
1998,1065,0.2
1998,911,0.031
1998,1564,0.0
1998,1732,0.093
1998,280,0.0
1998,697,0.077
1998,202,0.5
1998,56,0.398
1998,718,0.106
1998,248,0.1
1998,45,0.101
1998,1871,0.23
1998,786,0.067
1998,1562,0.103
1998,49,0.0
1998,779,0.118
1998,299,0.118
1998,255,0.324
1998,3,0.078
1998,21,0.223
1998,323,0.103
1998,65,0.101
1998,731,0.027
1998,165,0.097
1998,265,0.048
1998,906,0.323
1998,1006,0.0
1998,765,0.119
1998,270,0.095
1998,73,0.057
1998,458,0.35
1998,93,0.108
1998,1134,0.128
1998,375,0.141
1998,1764,0.128
1998,462,0.081
1998,1521,0.316
1998,1751,0.008
1998,147,0.147
1998,469,0.164
1998,1526,0.0
1998,381,0.204
1998,994,0.042
1998,320,0.1
1998,1114,0.099
1998,679,0.037
1998,467,0.431
1998,987,0.1
1998,1715,0.243
1998,420,0.054
1998,204,0.231
1998,976,0.317
1998,1852,0.157
1998,1741,0.023
1998,1532,0.067
1998,979,0.07
1998,1744,0.053
1998,760,0.099
1998,966,0.036
1998,711,0.198
1998,754,0.188
1998,29,0.013
1998,1429,0.0
1998,247,0.2
1998,170,0.05
1998,693,0.079
1998,341,0.0
1998,715,0.0
1998,180,0.283
1998,317,0.245
1998,304,0.457
1998,1519,0.042
1998,961,0.113
1998,271,0.087
1998,1511,0.055
1998,468,0.226
1998,1801,0.0
1998,146,0.097
1998,436,0.144
1998,252,0.221
1998,173,0.038
1998,1522,0.172
1998,1569,0.0
1998,1496,0.082
1998,1820,0.0
1998,1509,0.059
1998,383,0.136
1998,72,0.316
1998,1721,0.044
1998,954,0.13
1998,708,0.206
1998,1563,0.065
1998,788,0.107
1998,234,0.18
1998,977,0.176
1998,1748,0.125
1998,1600,0.087
1998,703,0.091
1998,111,0.065
1998,441,0.089
1998,1716,0.15
1998,913,0.135
1998,84,0.148
1998,1444,0.057
1998,195,0.28
1998,283,0.191
1998,1036,0.0
1998,684,0.026
1998,953,0.049
1998,919,0.043
1998,26,0.082
1998,446,0.091
1998,1823,0.05
1998,990,0.091
1998,907,0.084
1998,948,0.025
1998,712,0.0
1998,53,0.112
1998,1858,0.0
1998,95,0.085
1998,707,0.059
1998,971,0.053
1998,349,0.423
1998,1855,0.078
1998,998,0.0
1998,1110,0.048
1998,770,0.046
1998,1527,0.074
1998,1831,0.171
1998,55,0.045
1998,672,0.067
1998,761,0.071
1998,1723,0.072
1998,1074,0.159
1998,1508,0.087
1998,688,0.113
1998,1722,0.101
1998,1720,0.044
1998,714,0.193
1998,1138,0.203
1998,1709,0.034
1998,63,0.074
1998,1565,0.021
1998,52,0.0
1998,1710,0.343
1998,1630,0.0
1998,1750,0.0
1998,782,0.114
1998,348,0.116
1998,42,0.0
1998,983,0.316
1998,302,0.308
1998,177,0.339
1998,1737,0.031
1998,1861,0.25
1998,98,0.107
1998,89,0.375
1998,178,0.047
1998,932,0.0
1998,970,0.031
1998,901,0.111
1998,136,0.075
1998,1727,0.055
1998,121,0.068
1998,1514,0.0
1998,1718,0.121
1998,978,0.115
1998,432,0.072
1998,1824,0.0
1998,71,0.395
1998,461,0.105
1998,1711,0.038
1998,1872,0.056
1998,753,0.256
1998,988,0.25
1998,1740,0.047
1998,739,0.076
1998,1725,0.045
1998,951,0.183
1998,674,0.194
1998,397,0.109
1998,1073,0.037
1998,364,0.149
1998,777,0.191
1998,1594,0.333
1998,296,0.16
1998,328,0.024
1998,1729,0.186
1998,22,0.077
1998,109,0.112
1998,123,0.333
1998,1714,0.072
1998,393,0.438
1998,915,0.148
1998,1518,0.164
1998,166,0.197
1998,1500,0.12
1998,938,0.049
1998,1728,0.09
1998,1739,0.024
1998,1601,0.157
1998,1756,0.045
1998,208,0.33
1998,1734,0.0
1998,694,0.094
1998,417,0.124
1998,64,0.057
1998,955,0.021
1998,1513,0.024
1998,197,0.111
1998,281,0.048
1998,937,0.248
1998,251,0.132
1998,1752,0.0
1998,399,0.05
1998,1742,1.0
1998,1000,0.105
1998,406,0.132
1998,949,0.174
1998,762,0.051
1998,431,0.14
1998,704,0.17
1998,428,0.248
1998,278,0.109
1998,914,0.0
1998,950,0.411
1998,1667,0.3
1998,70,0.111
1998,959,0.269
1998,120,0.178
1998,1037,0.0
1998,1505,0.062
1998,210,0.411
1998,187,0.107
1998,426,0.026
1998,143,0.171
1998,371,0.0
1998,345,0.212
1998,689,0.033
1998,1847,0.093
1998,1495,0.117
1998,896,0.383
1998,100,0.091
1998,1501,0.1
1998,1753,0.083
1998,957,0.023
1998,339,0.134
1998,67,0.047
1998,389,0.305
1998,1499,0.077
1998,960,0.276
1998,763,0.039
1998,1503,0.187
1998,145,0.07
1998,696,0.308
1998,969,0.087
1998,1576,0.071
1998,1868,0.0
1998,1607,0.286
1998,895,0.08
1998,238,0.056
1998,1838,0.109
1998,1731,0.207
1998,1755,0.667
1998,137,0.129
1998,452,0.086
1998,1713,0.164
1998,219,0.269
1998,958,0.095
1998,124,0.19
1998,1735,0.065
1998,702,0.115
1998,1005,0.132
1998,962,0.093
1998,445,0.111
1998,781,0.064
1998,1061,0.009
1998,416,0.0
1998,980,0.05
1999,920,0.058
1999,1920,0.0
1999,243,0.202
1999,1425,0.062
1999,228,0.093
1999,1502,0.04
1999,1559,0.135
1999,1733,0.073
1999,673,0.045
1999,1893,0.077
1999,275,0.13
1999,947,0.22
1999,297,0.086
1999,1541,0.258
1999,1754,0.063
1999,1889,0.386
1999,692,0.05
1999,457,0.021
1999,358,0.23
1999,1712,0.102
1999,138,0.046
1999,1853,0.321
1999,1533,0.167
1999,193,0.184
1999,292,0.05
1999,1515,0.083
1999,324,0.152
1999,156,0.063
1999,952,0.178
1999,1498,0.247
1999,213,0.066
1999,176,0.057
1999,226,0.091
1999,686,0.108
1999,288,0.106
1999,717,0.113
1999,1506,0.078
1999,422,0.319
1999,769,0.26
1999,1884,0.334
1999,989,0.167
1999,1112,0.047
1999,104,0.0
1999,223,0.073
1999,82,0.029
1999,182,0.122
1999,902,0.239
1999,448,0.148
1999,682,0.215
1999,1517,0.262
1999,184,0.175
1999,1719,0.153
1999,1802,0.076
1999,699,0.157
1999,85,0.271
1999,1510,0.417
1999,258,0.08
1999,216,0.239
1999,1730,0.024
1999,1477,0.066
1999,1743,0.051
1999,735,0.075
1999,179,0.138
1999,1724,0.197
1999,935,0.087
1999,1898,0.056
1999,384,0.093
1999,1916,0.073
1999,435,0.068
1999,76,0.074
1999,1538,0.083
1999,787,0.165
1999,891,0.157
1999,1869,0.233
1999,369,0.224
1999,1497,0.214
1999,685,0.068
1999,1512,0.126
1999,713,0.147
1999,164,0.284
1999,1544,0.084
1999,201,0.017
1999,423,0.068
1999,1914,0.297
1999,168,0.121
1999,904,0.108
1999,185,0.207
1999,43,0.319
1999,363,0.121
1999,456,0.106
1999,1088,0.319
1999,359,0.099
1999,221,0.1
1999,361,0.134
1999,1736,0.129
1999,1894,0.071
1999,916,0.032
1999,722,0.069
1999,724,0.305
1999,1749,0.148
1999,905,0.046
1999,107,0.038
1999,1800,0.242
1999,757,0.269
1999,105,0.131
1999,344,0.203
1999,198,0.081
1999,1504,0.058
1999,330,0.096
1999,353,0.309
1999,239,0.225
1999,1032,0.074
1999,764,0.101
1999,133,0.284
1999,766,0.188
1999,1746,0.0
1999,1051,0.043
1999,2000,0.225
1999,244,0.214
1999,209,0.141
1999,23,0.046
1999,192,0.089
1999,1507,0.179
1999,965,0.176
1999,1967,0.0
1999,400,0.04
1999,934,0.137
1999,1760,0.089
1999,365,0.09
1999,96,0.192
1999,1904,0.061
1999,1070,0.069
1999,54,0.105
1999,87,0.054
1999,1901,0.108
1999,1717,0.107
1999,931,0.1
1999,690,0.034
1999,681,0.0
1999,923,0.137
1999,57,0.227
1999,77,0.205
1999,28,0.123
1999,1003,0.33
1999,190,0.017
1999,1863,0.345
1999,224,0.191
1999,1944,0.048
1999,922,0.087
1999,695,0.278
1999,386,0.307
1999,1882,0.118
1999,1023,0.162
1999,376,0.032
1999,785,0.26
1999,15,0.079
1999,727,0.327
1999,677,0.105
1999,956,0.064
1999,1065,0.155
1999,911,0.028
1999,1564,0.068
1999,1915,0.088
1999,1732,0.1
1999,280,0.035
1999,697,0.194
1999,1844,0.0
1999,202,0.1
1999,56,0.368
1999,718,0.124
1999,248,0.089
1999,45,0.182
1999,1562,0.075
1999,49,0.056
1999,779,0.11
1999,299,0.112
1999,255,0.253
1999,3,0.076
1999,21,0.218
1999,1761,0.088
1999,323,0.091
1999,731,0.018
1999,165,0.102
1999,1942,0.1
1999,906,0.272
1999,765,0.154
1999,270,0.101
1999,458,0.286
1999,93,0.113
1999,1134,0.104
1999,1085,0.125
1999,375,0.186
1999,462,0.044
1999,1521,0.247
1999,1751,0.015
1999,147,0.18
1999,469,0.178
1999,1975,0.286
1999,1899,0.106
1999,994,0.046
1999,1114,0.112
1999,679,0.09
1999,467,0.395
1999,1954,0.5
1999,1891,0.3
1999,1715,0.297
1999,1902,0.088
1999,204,0.151
1999,976,0.245
1999,1741,0.051
1999,1983,0.083
1999,979,0.036
1999,760,0.086
1999,966,0.053
1999,711,0.2
1999,754,0.142
1999,29,0.048
1999,170,0.1
1999,693,0.07
1999,1086,0.087
1999,680,0.092
1999,1911,0.165
1999,180,0.219
1999,927,0.146
1999,317,0.242
1999,304,0.456
1999,1519,0.029
1999,961,0.055
1999,271,0.067
1999,1511,0.042
1999,468,0.177
1999,1886,0.036
1999,146,0.077
1999,1908,0.074
1999,436,0.143
1999,252,0.197
1999,1569,0.048
1999,1496,0.102
1999,1509,0.027
1999,383,0.145
1999,72,0.253
1999,1903,0.099
1999,1721,0.063
1999,954,0.122
1999,708,0.211
1999,134,0.324
1999,1563,0.256
1999,788,0.05
1999,234,0.419
1999,1619,0.1
1999,977,0.215
1999,1600,0.065
1999,703,0.07
1999,111,0.08
1999,1885,0.199
1999,441,0.101
1999,1930,0.015
1999,1919,0.185
1999,1716,0.162
1999,913,0.127
1999,84,0.18
1999,1444,0.053
1999,1953,0.079
1999,283,0.171
1999,953,0.029
1999,31,0.019
1999,919,0.064
1999,26,0.086
1999,446,0.11
1999,990,0.061
1999,907,0.12
1999,992,0.15
1999,948,0.053
1999,712,0.0
1999,53,0.13
1999,95,0.057
1999,707,0.129
1999,971,0.182
1999,349,0.429
1999,1110,0.06
1999,770,0.023
1999,55,0.0
1999,672,0.097
1999,761,0.048
1999,1723,0.178
1999,1074,0.218
1999,1508,0.085
1999,1897,0.171
1999,262,0.059
1999,688,0.091
1999,1722,0.121
1999,1720,0.075
1999,714,0.213
1999,1138,0.394
1999,1709,0.026
1999,1913,0.082
1999,63,0.074
1999,1565,0.024
1999,1710,0.35
1999,1630,0.057
1999,1960,0.239
1999,1726,0.119
1999,782,0.136
1999,42,0.111
1999,983,0.296
1999,302,0.317
1999,177,0.266
1999,1737,0.018
1999,98,0.082
1999,89,0.38
1999,1918,0.039
1999,178,0.03
1999,932,0.095
1999,970,0.063
1999,901,0.077
1999,136,0.098
1999,1727,0.063
1999,121,0.051
1999,1718,0.142
1999,978,0.099
1999,442,0.077
1999,432,0.072
1999,461,0.087
1999,1900,0.08
1999,1711,0.065
1999,1747,0.321
1999,1872,0.0
1999,753,0.227
1999,988,0.254
1999,1740,0.071
1999,739,0.085
1999,1725,0.075
1999,951,0.166
1999,674,0.213
1999,397,0.099
1999,364,0.099
1999,777,0.265
1999,1888,0.131
1999,1594,0.292
1999,296,0.144
1999,1965,0.058
1999,1729,0.176
1999,22,0.079
1999,109,0.103
1999,123,0.367
1999,1714,0.063
1999,393,0.377
1999,1934,0.094
1999,915,0.128
1999,1518,0.0
1999,166,0.189
1999,1500,0.11
1999,1728,0.102
1999,964,0.04
1999,1739,0.095
1999,1601,0.172
1999,1763,0.052
1999,1926,0.0
1999,1756,0.041
1999,208,0.399
1999,1734,0.077
1999,694,0.116
1999,417,0.141
1999,64,0.07
1999,955,0.064
1999,1513,0.048
1999,197,0.088
1999,1909,0.092
1999,281,0.028
1999,937,0.233
1999,251,0.111
1999,1752,0.0
1999,399,0.099
1999,1742,0.241
1999,1000,0.139
1999,406,0.184
1999,949,0.152
1999,762,0.049
1999,431,0.098
1999,1890,0.089
1999,428,0.215
1999,278,0.131
1999,914,0.107
1999,950,0.38
1999,1883,0.315
1999,70,0.078
1999,959,0.252
1999,120,0.124
1999,1505,0.098
1999,210,0.375
1999,187,0.094
1999,371,0.068
1999,345,0.227
1999,689,0.032
1999,676,0.087
1999,1495,0.152
1999,896,0.368
1999,1906,0.143
1999,100,0.134
1999,1501,0.092
1999,1937,0.057
1999,1753,0.099
1999,103,0.105
1999,957,0.019
1999,1928,0.04
1999,339,0.113
1999,67,0.044
1999,389,0.268
1999,1499,0.069
1999,960,0.122
1999,1108,0.094
1999,763,0.047
1999,1503,0.192
1999,145,0.067
1999,1892,0.104
1999,696,0.285
1999,969,0.092
1999,1607,0.241
1999,895,0.092
1999,238,0.039
1999,1838,0.094
1999,1731,0.185
1999,137,0.134
1999,452,0.086
1999,1713,0.195
1999,219,0.206
1999,958,0.068
1999,124,0.148
1999,1735,0.026
1999,1907,0.232
1999,702,0.164
1999,1887,0.136
1999,1005,0.138
1999,962,0.122
1999,1943,0.192
1999,445,0.114
1999,781,0.106
1999,1895,0.289
1999,440,0.057
2000,920,0.05
2000,2062,0.198
2000,243,0.264
2000,1425,0.068
2000,228,0.066
2000,1502,0.051
2000,1559,0.125
2000,1733,0.116
2000,673,0.05
2000,275,0.119
2000,947,0.226
2000,297,0.079
2000,1541,0.267
2000,1889,0.389
2000,692,0.049
2000,1950,0.0
2000,358,0.224
2000,1712,0.094
2000,1853,0.305
2000,924,0.276
2000,1533,0.266
2000,193,0.144
2000,292,0.0
2000,324,0.138
2000,952,0.261
2000,1498,0.246
2000,213,0.062
2000,176,0.103
2000,686,0.106
2000,1609,0.083
2000,717,0.121
2000,1506,0.087
2000,422,0.302
2000,1884,0.319
2000,1112,0.067
2000,223,0.028
2000,182,0.108
2000,902,0.309
2000,448,0.128
2000,682,0.232
2000,1517,0.166
2000,1719,0.179
2000,1802,0.13
2000,699,0.19
2000,85,0.263
2000,1510,0.321
2000,2073,0.052
2000,258,0.072
2000,216,0.206
2000,1730,0.054
2000,1477,0.082
2000,1743,0.03
2000,735,0.073
2000,179,0.111
2000,1724,0.231
2000,935,0.105
2000,1898,0.016
2000,384,0.076
2000,1916,0.074
2000,435,0.027
2000,76,0.067
2000,1538,0.134
2000,891,0.144
2000,369,0.297
2000,1497,0.229
2000,685,0.071
2000,713,0.072
2000,164,0.32
2000,1544,0.07
2000,201,0.04
2000,1612,0.178
2000,423,0.067
2000,1914,0.204
2000,2036,0.024
2000,168,0.061
2000,904,0.088
2000,2084,0.088
2000,185,0.202
2000,43,0.273
2000,363,0.126
2000,1088,0.234
2000,359,0.054
2000,221,0.061
2000,361,0.155
2000,1736,0.148
2000,1894,0.112
2000,916,0.074
2000,722,0.066
2000,724,0.273
2000,2042,0.083
2000,1749,0.114
2000,905,0.073
2000,2053,0.065
2000,1800,0.276
2000,757,0.275
2000,2061,0.031
2000,105,0.108
2000,2082,0.025
2000,344,0.187
2000,2091,0.03
2000,198,0.066
2000,1504,0.042
2000,330,0.135
2000,2032,0.08
2000,353,0.299
2000,239,0.152
2000,1032,0.07
2000,128,0.087
2000,764,0.087
2000,2128,0.254
2000,133,0.214
2000,766,0.286
2000,2052,0.105
2000,1051,0.042
2000,244,0.152
2000,209,0.135
2000,2035,0.079
2000,1507,0.177
2000,965,0.181
2000,400,0.023
2000,934,0.113
2000,1760,0.154
2000,365,0.123
2000,2046,0.066
2000,96,0.182
2000,1904,0.055
2000,87,0.048
2000,1901,0.123
2000,1717,0.092
2000,931,0.095
2000,690,0.044
2000,2051,0.059
2000,923,0.099
2000,57,0.142
2000,77,0.246
2000,28,0.14
2000,1434,0.087
2000,190,0.023
2000,1863,0.405
2000,2109,0.324
2000,2067,0.192
2000,224,0.15
2000,1944,0.094
2000,2059,0.093
2000,922,0.08
2000,695,0.172
2000,386,0.248
2000,1882,0.164
2000,1023,0.162
2000,376,0.045
2000,15,0.074
2000,727,0.337
2000,677,0.109
2000,2057,0.25
2000,956,0.096
2000,1065,0.203
2000,911,0.028
2000,1564,0.0
2000,1915,0.044
2000,1732,0.114
2000,280,0.031
2000,697,0.2
2000,2123,0.1
2000,202,0.1
2000,56,0.364
2000,718,0.056
2000,248,0.084
2000,45,0.223
2000,1562,0.08
2000,779,0.074
2000,299,0.157
2000,255,0.329
2000,3,0.092
2000,21,0.162
2000,1761,0.089
2000,323,0.125
2000,731,0.025
2000,165,0.082
2000,2069,0.044
2000,2045,0.088
2000,765,0.194
2000,270,0.073
2000,458,0.183
2000,93,0.104
2000,1134,0.114
2000,1085,0.636
2000,1956,0.063
2000,375,0.155
2000,462,0.042
2000,2074,0.15
2000,1521,0.343
2000,1751,0.021
2000,2054,0.033
2000,2063,0.068
2000,147,0.288
2000,2048,0.042
2000,2037,0.235
2000,469,0.262
2000,1554,0.051
2000,1975,0.0
2000,1899,0.11
2000,381,0.0
2000,994,0.053
2000,1114,0.095
2000,679,0.057
2000,2044,0.05
2000,2078,0.25
2000,467,0.419
2000,1891,0.236
2000,1715,0.256
2000,1902,0.047
2000,976,0.27
2000,1741,0.082
2000,979,0.066
2000,760,0.098
2000,2040,0.043
2000,966,0.062
2000,711,0.258
2000,754,0.176
2000,29,0.038
2000,693,0.069
2000,2038,0.011
2000,680,0.074
2000,715,0.083
2000,180,0.211
2000,317,0.13
2000,304,0.452
2000,961,0.082
2000,271,0.105
2000,468,0.207
2000,1886,0.11
2000,146,0.083
2000,1908,0.064
2000,436,0.135
2000,252,0.234
2000,1496,0.082
2000,1509,0.028
2000,383,0.17
2000,72,0.261
2000,1903,0.068
2000,2030,0.103
2000,1721,0.068
2000,236,0.126
2000,708,0.215
2000,1563,0.268
2000,788,0.048
2000,2039,0.253
2000,2064,0.288
2000,977,0.22
2000,1600,0.057
2000,703,0.052
2000,111,0.079
2000,1885,0.246
2000,441,0.099
2000,1930,0.2
2000,1919,0.224
2000,1716,0.2
2000,913,0.108
2000,1683,0.1
2000,84,0.172
2000,2068,0.058
2000,1444,0.043
2000,1924,0.102
2000,283,0.19
2000,953,0.079
2000,919,0.068
2000,26,0.04
2000,446,0.109
2000,51,0.285
2000,990,0.067
2000,2055,0.0
2000,1531,0.071
2000,948,0.043
2000,2033,0.097
2000,53,0.133
2000,1548,0.049
2000,95,0.042
2000,349,0.396
2000,2058,0.06
2000,998,0.052
2000,1110,0.059
2000,2043,0.281
2000,672,0.067
2000,761,0.047
2000,1723,0.11
2000,1074,0.187
2000,1508,0.096
2000,1897,0.171
2000,688,0.138
2000,1722,0.157
2000,1720,0.077
2000,714,0.18
2000,1138,0.271
2000,1709,0.038
2000,2072,0.056
2000,1913,0.07
2000,63,0.099
2000,1565,0.03
2000,1710,0.376
2000,2034,0.095
2000,2130,0.129
2000,2065,0.093
2000,1630,0.049
2000,1960,0.234
2000,782,0.16
2000,42,0.122
2000,983,0.284
2000,302,0.32
2000,2050,0.093
2000,177,0.294
2000,1737,0.034
2000,98,0.125
2000,89,0.383
2000,1918,0.06
2000,178,0.029
2000,2071,0.014
2000,970,0.052
2000,901,0.077
2000,136,0.071
2000,1727,0.056
2000,121,0.071
2000,2101,0.105
2000,1718,0.166
2000,978,0.094
2000,2143,0.402
2000,442,0.125
2000,461,0.075
2000,2047,0.082
2000,1900,0.077
2000,1711,0.073
2000,1747,0.386
2000,1952,0.0
2000,753,0.197
2000,988,0.333
2000,1740,0.073
2000,739,0.128
2000,1725,0.053
2000,951,0.199
2000,397,0.145
2000,1073,0.055
2000,1888,0.172
2000,1594,0.287
2000,296,0.168
2000,1729,0.234
2000,109,0.124
2000,123,0.375
2000,1714,0.088
2000,393,0.385
2000,1934,0.055
2000,915,0.145
2000,166,0.144
2000,1500,0.16
2000,1728,0.112
2000,2092,0.088
2000,1739,0.13
2000,2106,0.015
2000,1763,0.068
2000,208,0.346
2000,1734,0.082
2000,417,0.089
2000,64,0.066
2000,955,0.053
2000,1513,0.046
2000,197,0.048
2000,1909,0.076
2000,281,0.04
2000,937,0.212
2000,2173,0.455
2000,251,0.115
2000,399,0.081
2000,1742,0.242
2000,1000,0.123
2000,406,0.177
2000,949,0.142
2000,762,0.029
2000,431,0.106
2000,1890,0.102
2000,1035,0.051
2000,428,0.243
2000,2098,0.087
2000,2066,0.008
2000,278,0.131
2000,1536,0.15
2000,950,0.389
2000,1883,0.278
2000,1864,0.075
2000,70,0.143
2000,959,0.335
2000,120,0.139
2000,2031,0.035
2000,1505,0.087
2000,2121,0.111
2000,210,0.326
2000,426,0.05
2000,371,0.082
2000,345,0.248
2000,689,0.054
2000,1495,0.15
2000,896,0.344
2000,1906,0.065
2000,1501,0.108
2000,103,0.131
2000,957,0.027
2000,1928,0.03
2000,339,0.078
2000,67,0.04
2000,389,0.207
2000,1499,0.034
2000,960,0.118
2000,763,0.018
2000,380,0.2
2000,1503,0.218
2000,145,0.068
2000,1892,0.119
2000,696,0.34
2000,969,0.038
2000,1607,0.269
2000,895,0.059
2000,238,0.033
2000,1838,0.082
2000,1731,0.157
2000,721,0.378
2000,137,0.12
2000,452,0.072
2000,1713,0.187
2000,219,0.213
2000,958,0.059
2000,124,0.143
2000,1735,0.107
2000,1907,0.253
2000,702,0.134
2000,1887,0.141
2000,1005,0.102
2000,962,0.136
2000,1917,0.0
2000,445,0.109
2000,781,0.053
2000,1895,0.286
2000,440,0.07
2000,1985,0.0
2000,980,0.057
2001,2062,0.248
2001,243,0.22
2001,1425,0.084
2001,1502,0.044
2001,1559,0.108
2001,1733,0.073
2001,673,0.043
2001,275,0.123
2001,947,0.266
2001,297,0.067
2001,2228,0.027
2001,2264,0.036
2001,1541,0.262
2001,1043,0.051
2001,1889,0.484
2001,1905,0.073
2001,692,0.055
2001,358,0.211
2001,1738,0.091
2001,1712,0.093
2001,1853,0.347
2001,1533,0.223
2001,193,0.162
2001,324,0.135
2001,952,0.224
2001,1498,0.176
2001,213,0.087
2001,176,0.143
2001,686,0.136
2001,2238,0.057
2001,1609,0.063
2001,1506,0.104
2001,422,0.356
2001,1884,0.364
2001,1112,0.062
2001,902,0.269
2001,448,0.097
2001,682,0.263
2001,1517,0.157
2001,2250,0.085
2001,1719,0.152
2001,1802,0.124
2001,2220,0.079
2001,2217,0.038
2001,699,0.209
2001,85,0.164
2001,1510,0.447
2001,2073,0.069
2001,258,0.103
2001,2243,0.113
2001,216,0.207
2001,1730,0.024
2001,1477,0.079
2001,1743,0.058
2001,179,0.112
2001,1724,0.209
2001,935,0.111
2001,1898,0.03
2001,384,0.112
2001,1916,0.092
2001,2306,0.323
2001,435,0.03
2001,1538,0.1
2001,891,0.134
2001,1520,0.121
2001,2294,0.074
2001,369,0.339
2001,1497,0.296
2001,685,0.07
2001,2365,0.039
2001,164,0.352
2001,1544,0.071
2001,201,0.058
2001,423,0.061
2001,2036,0.025
2001,168,0.099
2001,185,0.21
2001,43,0.229
2001,363,0.166
2001,1088,0.204
2001,359,0.094
2001,221,0.058
2001,361,0.125
2001,1894,0.114
2001,916,0.051
2001,722,0.113
2001,2042,0.114
2001,1749,0.112
2001,905,0.06
2001,2053,0.059
2001,1800,0.21
2001,757,0.28
2001,2245,0.051
2001,2061,0.058
2001,105,0.112
2001,344,0.221
2001,2091,0.2
2001,198,0.099
2001,1504,0.089
2001,330,0.084
2001,2032,0.137
2001,353,0.249
2001,239,0.25
2001,1032,0.094
2001,764,0.068
2001,133,0.163
2001,2205,0.069
2001,2052,0.171
2001,1051,0.038
2001,2352,0.25
2001,244,0.043
2001,209,0.12
2001,2035,0.076
2001,1507,0.188
2001,965,0.137
2001,934,0.084
2001,1760,0.211
2001,365,0.093
2001,2046,0.068
2001,1904,0.097
2001,54,0.5
2001,87,0.048
2001,1901,0.127
2001,1717,0.105
2001,690,0.061
2001,2051,0.073
2001,681,0.078
2001,923,0.111
2001,57,0.169
2001,77,0.167
2001,1863,0.309
2001,2248,0.196
2001,2109,0.262
2001,2204,0.049
2001,2067,0.186
2001,224,0.152
2001,1944,0.097
2001,2201,0.039
2001,2059,0.039
2001,922,0.084
2001,695,0.313
2001,386,0.389
2001,1882,0.109
2001,1023,0.145
2001,376,0.039
2001,15,0.101
2001,727,0.301
2001,677,0.099
2001,2057,0.238
2001,956,0.078
2001,1065,0.198
2001,2081,0.0
2001,911,0.024
2001,2041,0.015
2001,1915,0.043
2001,1732,0.108
2001,280,0.019
2001,697,0.158
2001,56,0.391
2001,718,0.087
2001,248,0.1
2001,45,0.187
2001,2222,0.094
2001,2240,0.241
2001,779,0.084
2001,299,0.13
2001,255,0.206
2001,3,0.117
2001,21,0.31
2001,1761,0.077
2001,323,0.083
2001,731,0.068
2001,165,0.076
2001,2069,0.06
2001,1942,0.051
2001,2045,0.126
2001,270,0.069
2001,458,0.292
2001,93,0.144
2001,1134,0.072
2001,1829,0.093
2001,1085,0.063
2001,1956,0.055
2001,375,0.12
2001,2074,0.095
2001,1521,0.316
2001,1751,0.019
2001,2054,0.022
2001,2063,0.031
2001,147,0.203
2001,2048,0.035
2001,2224,0.409
2001,2037,0.204
2001,469,0.202
2001,1899,0.129
2001,2249,0.321
2001,1114,0.09
2001,2260,0.065
2001,679,0.073
2001,2044,0.042
2001,2215,0.094
2001,2078,0.231
2001,467,0.407
2001,2202,0.149
2001,1891,0.261
2001,1715,0.393
2001,1902,0.062
2001,976,0.277
2001,2244,0.255
2001,1741,0.109
2001,1983,0.328
2001,979,0.079
2001,1744,0.036
2001,2040,0.085
2001,966,0.074
2001,711,0.288
2001,2219,0.087
2001,754,0.134
2001,2343,0.277
2001,2207,0.151
2001,693,0.063
2001,2038,0.026
2001,680,0.091
2001,180,0.313
2001,317,0.132
2001,304,0.442
2001,961,0.099
2001,271,0.028
2001,468,0.233
2001,1886,0.064
2001,2218,0.273
2001,146,0.069
2001,1908,0.085
2001,436,0.109
2001,252,0.216
2001,2208,0.102
2001,1496,0.11
2001,1509,0.024
2001,383,0.118
2001,72,0.267
2001,2261,0.335
2001,1903,0.101
2001,2030,0.123
2001,1721,0.071
2001,954,0.131
2001,708,0.22
2001,1563,0.293
2001,788,0.031
2001,2039,0.119
2001,2213,0.114
2001,977,0.254
2001,703,0.057
2001,2198,0.09
2001,111,0.059
2001,1885,0.294
2001,441,0.119
2001,1716,0.251
2001,1683,0.0
2001,84,0.171
2001,2068,0.062
2001,1444,0.069
2001,1924,0.089
2001,1910,0.046
2001,283,0.119
2001,2254,0.063
2001,953,0.063
2001,446,0.136
2001,2124,0.054
2001,990,0.064
2001,2055,0.0
2001,1531,0.05
2001,948,0.055
2001,2033,0.116
2001,1548,0.039
2001,95,0.078
2001,349,0.405
2001,2058,0.096
2001,998,0.06
2001,1110,0.051
2001,2043,0.253
2001,672,0.077
2001,761,0.0
2001,1723,0.073
2001,2230,0.154
2001,2370,0.096
2001,1897,0.142
2001,2214,0.042
2001,688,0.104
2001,1722,0.113
2001,1720,0.056
2001,714,0.138
2001,893,0.295
2001,1709,0.059
2001,2072,0.116
2001,1913,0.048
2001,1565,0.068
2001,1710,0.227
2001,2229,0.306
2001,2034,0.149
2001,2130,0.25
2001,1630,0.087
2001,1960,0.189
2001,782,0.131
2001,348,0.098
2001,42,0.126
2001,983,0.302
2001,302,0.33
2001,2050,0.131
2001,1737,0.026
2001,98,0.127
2001,89,0.339
2001,2369,0.057
2001,1918,0.032
2001,2071,0.026
2001,2351,0.065
2001,970,0.042
2001,136,0.064
2001,1727,0.063
2001,121,0.066
2001,2200,0.133
2001,1718,0.153
2001,978,0.106
2001,461,0.103
2001,1542,0.069
2001,2056,0.065
2001,2047,0.105
2001,1900,0.12
2001,1711,0.059
2001,1747,0.41
2001,1952,0.141
2001,753,1.0
2001,988,0.205
2001,1740,0.076
2001,739,0.09
2001,1725,0.049
2001,2237,0.0
2001,951,0.193
2001,397,0.144
2001,1073,0.038
2001,1888,0.143
2001,2210,0.125
2001,1594,0.336
2001,296,0.174
2001,1729,0.168
2001,109,0.158
2001,123,0.316
2001,1714,0.093
2001,393,0.347
2001,1934,0.068
2001,915,0.101
2001,2206,0.138
2001,1500,0.154
2001,2257,0.028
2001,1739,0.109
2001,1601,0.234
2001,1763,0.046
2001,208,0.324
2001,694,0.04
2001,417,0.096
2001,955,0.057
2001,2223,0.047
2001,1513,0.039
2001,1909,0.109
2001,281,0.029
2001,937,0.283
2001,1752,0.046
2001,399,0.055
2001,1742,0.225
2001,1000,0.083
2001,2203,0.116
2001,406,0.157
2001,949,0.152
2001,762,0.04
2001,431,0.071
2001,1890,0.091
2001,1035,0.056
2001,2098,0.099
2001,2049,0.227
2001,278,0.128
2001,1536,0.098
2001,950,0.355
2001,1883,0.281
2001,1864,0.167
2001,70,0.134
2001,959,0.355
2001,2212,0.016
2001,120,0.113
2001,2031,0.052
2001,2347,0.088
2001,1505,0.09
2001,2242,0.096
2001,210,0.387
2001,345,0.25
2001,689,0.024
2001,2357,0.341
2001,1495,0.182
2001,896,0.283
2001,1906,0.048
2001,1501,0.091
2001,1928,0.078
2001,339,0.1
2001,389,0.234
2001,1499,0.031
2001,960,0.146
2001,763,0.036
2001,2225,0.237
2001,1503,0.25
2001,145,0.074
2001,1892,0.221
2001,696,0.301
2001,969,0.034
2001,1762,0.076
2001,2239,0.13
2001,1607,0.236
2001,2211,0.08
2001,238,0.043
2001,1838,0.099
2001,1731,0.293
2001,2199,0.063
2001,2349,0.105
2001,452,0.071
2001,1713,0.19
2001,219,0.667
2001,958,0.038
2001,124,0.177
2001,2209,0.1
2001,1735,0.033
2001,1907,0.23
2001,702,0.144
2001,1887,0.133
2001,1005,0.107
2001,962,0.097
2001,1917,0.063
2001,445,0.103
2001,2226,0.189
2001,1895,0.217
2001,2216,0.103
2001,1442,0.056
2001,1985,0.029
2001,980,0.096
2002,2062,0.4
2002,243,0.185
2002,1425,0.092
2002,2492,0.176
2002,1502,0.032
2002,1559,0.111
2002,1733,0.089
2002,673,0.046
2002,275,0.129
2002,947,0.248
2002,2228,0.071
2002,1541,0.266
2002,1043,0.119
2002,2405,0.05
2002,1889,0.309
2002,1905,0.11
2002,692,0.061
2002,358,0.21
2002,1738,0.097
2002,1712,0.085
2002,1853,0.366
2002,924,0.1
2002,1533,0.183
2002,193,0.15
2002,324,0.158
2002,2541,0.128
2002,952,0.226
2002,1498,0.155
2002,213,0.115
2002,176,0.0
2002,1609,0.056
2002,717,0.185
2002,1506,0.156
2002,422,0.264
2002,1884,0.302
2002,1112,0.069
2002,902,0.181
2002,448,0.094
2002,682,0.247
2002,1517,0.187
2002,2250,0.083
2002,1719,0.181
2002,2411,0.079
2002,1802,0.14
2002,2220,0.061
2002,1585,0.0
2002,2217,0.024
2002,699,0.241
2002,1510,0.403
2002,2073,0.1
2002,258,0.07
2002,2243,0.103
2002,216,0.189
2002,1730,0.024
2002,1477,0.068
2002,1743,0.097
2002,1724,0.22
2002,935,0.089
2002,384,0.113
2002,1916,0.033
2002,2306,0.319
2002,2430,0.09
2002,2406,0.14
2002,2418,0.101
2002,2456,0.021
2002,891,0.127
2002,1520,0.083
2002,369,0.326
2002,1497,0.238
2002,685,0.055
2002,2365,0.066
2002,164,0.242
2002,1544,0.053
2002,201,0.0
2002,2423,0.057
2002,2036,0.06
2002,168,0.138
2002,2442,0.0
2002,185,0.238
2002,43,0.245
2002,2404,0.076
2002,363,0.175
2002,1088,0.22
2002,221,0.053
2002,361,0.175
2002,1736,0.122
2002,1894,0.112
2002,916,0.087
2002,722,0.099
2002,2042,0.105
2002,1749,0.121
2002,2402,0.169
2002,905,0.064
2002,2053,0.103
2002,1800,0.166
2002,757,0.246
2002,2245,0.051
2002,2424,0.292
2002,2429,0.018
2002,2061,0.061
2002,198,0.055
2002,1504,0.087
2002,330,0.152
2002,2032,0.148
2002,353,0.219
2002,1032,0.069
2002,764,0.057
2002,133,0.159
2002,2205,0.069
2002,2052,0.099
2002,2352,0.418
2002,1507,0.204
2002,965,0.157
2002,934,0.082
2002,2046,0.099
2002,1904,0.092
2002,2484,0.135
2002,87,0.055
2002,1901,0.127
2002,1717,0.129
2002,690,0.0
2002,2051,0.125
2002,681,0.0
2002,923,0.099
2002,57,0.185
2002,2400,0.076
2002,1863,0.278
2002,2248,0.277
2002,2204,0.077
2002,2067,0.168
2002,224,0.184
2002,1944,0.075
2002,2201,0.041
2002,2059,0.06
2002,981,0.086
2002,922,0.111
2002,1882,0.119
2002,1023,0.188
2002,15,0.087
2002,727,0.278
2002,677,0.103
2002,956,0.045
2002,1065,0.279
2002,911,0.03
2002,2041,0.01
2002,1915,0.074
2002,2436,0.143
2002,2421,0.374
2002,697,0.131
2002,2410,0.078
2002,56,0.366
2002,718,0.105
2002,248,0.109
2002,2222,0.065
2002,2240,0.294
2002,779,0.075
2002,299,0.15
2002,1921,0.108
2002,255,0.241
2002,3,0.089
2002,1761,0.103
2002,323,0.043
2002,731,0.042
2002,2462,0.5
2002,2045,0.121
2002,270,0.132
2002,458,0.308
2002,93,0.163
2002,2080,0.202
2002,1956,0.086
2002,2452,0.19
2002,1521,0.213
2002,1751,0.013
2002,2054,0.038
2002,2063,0.056
2002,147,0.209
2002,2048,0.058
2002,2224,0.378
2002,2037,0.28
2002,469,0.259
2002,2441,0.333
2002,1899,0.126
2002,2249,0.36
2002,2457,0.168
2002,2407,0.091
2002,2260,0.06
2002,679,0.069
2002,2044,0.018
2002,2215,0.07
2002,467,0.407
2002,2202,0.149
2002,1891,0.338
2002,1715,0.398
2002,2398,0.297
2002,1902,0.101
2002,976,0.222
2002,2244,0.105
2002,1741,0.058
2002,1983,0.228
2002,979,0.105
2002,1744,0.064
2002,2040,0.063
2002,966,0.067
2002,711,0.216
2002,2219,0.107
2002,754,0.148
2002,2412,0.171
2002,2207,0.151
2002,693,0.051
2002,2038,0.03
2002,680,0.073
2002,180,0.322
2002,2422,0.153
2002,304,0.444
2002,468,0.242
2002,1886,0.089
2002,2218,0.256
2002,2413,0.118
2002,1038,0.107
2002,1908,0.089
2002,2454,0.234
2002,436,0.175
2002,2416,0.119
2002,252,0.236
2002,2208,0.052
2002,1496,0.068
2002,1509,0.027
2002,2256,0.0
2002,383,0.12
2002,72,0.3
2002,2261,0.256
2002,1903,0.091
2002,2030,0.126
2002,1721,0.07
2002,954,0.15
2002,708,0.249
2002,1563,0.252
2002,788,0.051
2002,2039,0.168
2002,2213,0.097
2002,977,0.268
2002,703,0.11
2002,2198,0.057
2002,111,0.036
2002,1885,0.184
2002,1716,0.174
2002,84,0.196
2002,2068,0.057
2002,1444,0.055
2002,1924,0.123
2002,283,0.217
2002,2437,0.04
2002,2254,0.078
2002,953,0.069
2002,446,0.139
2002,1766,0.0
2002,2124,0.042
2002,990,0.112
2002,2055,0.031
2002,1938,0.163
2002,1531,0.058
2002,948,0.138
2002,2033,0.118
2002,2409,0.036
2002,1548,0.074
2002,95,0.08
2002,349,0.437
2002,2058,0.067
2002,1110,0.0
2002,2060,0.237
2002,2043,0.286
2002,1723,0.095
2002,1074,0.254
2002,1508,0.091
2002,2246,0.094
2002,2408,0.03
2002,2370,0.167
2002,1897,0.144
2002,2214,0.083
2002,688,0.113
2002,1722,0.131
2002,1720,0.068
2002,714,0.124
2002,893,0.207
2002,1709,0.064
2002,2072,0.089
2002,1565,0.044
2002,2471,0.074
2002,1710,0.231
2002,2399,0.125
2002,2229,0.266
2002,2034,0.131
2002,2366,0.22
2002,1630,0.136
2002,1960,0.211
2002,42,0.143
2002,983,0.239
2002,2050,0.11
2002,1572,0.1
2002,1737,0.024
2002,2403,0.119
2002,89,0.252
2002,2401,0.113
2002,2071,0.062
2002,2351,0.056
2002,970,0.053
2002,136,0.09
2002,2469,0.056
2002,1727,0.073
2002,2200,0.131
2002,1718,0.236
2002,2321,0.0
2002,978,0.089
2002,2143,0.364
2002,461,0.059
2002,1542,0.074
2002,2453,0.169
2002,2056,0.058
2002,2047,0.072
2002,2417,0.064
2002,1711,0.05
2002,1747,0.348
2002,1952,0.071
2002,753,0.216
2002,988,0.2
2002,1740,0.078
2002,739,0.101
2002,1725,0.074
2002,2446,0.116
2002,951,0.217
2002,2501,0.037
2002,397,0.135
2002,1073,0.051
2002,1888,0.171
2002,2210,0.119
2002,1594,0.286
2002,296,0.171
2002,1729,0.258
2002,2425,0.071
2002,109,0.148
2002,123,0.333
2002,1714,0.096
2002,393,0.351
2002,915,0.146
2002,2206,0.156
2002,2427,0.164
2002,1500,0.117
2002,2257,0.333
2002,1739,0.103
2002,2106,0.125
2002,1763,0.09
2002,2415,0.043
2002,208,0.293
2002,955,0.08
2002,1513,0.028
2002,1909,0.113
2002,281,0.041
2002,937,0.234
2002,2253,0.12
2002,1752,0.023
2002,399,0.085
2002,1742,0.252
2002,1000,0.086
2002,2203,0.067
2002,406,0.15
2002,949,0.145
2002,762,0.047
2002,431,0.055
2002,1890,0.104
2002,2098,0.05
2002,2470,0.239
2002,2066,0.087
2002,2049,0.292
2002,278,0.125
2002,1536,0.136
2002,950,0.357
2002,1883,0.278
2002,70,0.128
2002,959,0.351
2002,2212,0.022
2002,120,0.114
2002,2031,0.051
2002,2447,0.086
2002,1505,0.147
2002,2419,0.104
2002,2242,0.068
2002,689,0.047
2002,2357,0.355
2002,1495,0.191
2002,896,0.279
2002,1501,0.071
2002,2432,0.217
2002,1928,0.04
2002,339,0.114
2002,389,0.225
2002,1499,0.049
2002,960,0.141
2002,763,0.037
2002,2225,0.268
2002,1503,0.282
2002,145,0.103
2002,696,0.253
2002,969,0.08
2002,1762,0.06
2002,2239,0.118
2002,1607,0.261
2002,2211,0.066
2002,238,0.049
2002,1731,0.223
2002,2199,0.068
2002,452,0.053
2002,1713,0.181
2002,2428,0.16
2002,958,0.017
2002,124,0.16
2002,2209,0.086
2002,1735,0.03
2002,702,0.138
2002,1887,0.116
2002,1005,0.077
2002,962,0.095
2002,1917,0.041
2002,445,0.089
2002,2397,0.104
2002,2216,0.058
2002,1442,0.036
2002,1985,0.0
2002,980,0.101
2003,243,0.169
2003,1425,0.109
2003,1502,0.05
2003,1559,0.132
2003,1733,0.107
2003,673,0.056
2003,2682,0.0
2003,275,0.101
2003,947,0.325
2003,297,0.073
2003,2228,0.158
2003,1541,0.237
2003,1043,0.055
2003,2405,0.07
2003,1889,0.283
2003,1905,0.152
2003,692,0.054
2003,358,0.141
2003,1738,0.057
2003,1712,0.047
2003,1853,0.279
2003,924,0.216
2003,1533,0.231
2003,324,0.139
2003,952,0.195
2003,1498,0.324
2003,213,0.093
2003,686,0.066
2003,1506,0.096
2003,422,0.311
2003,1884,0.363
2003,1052,0.063
2003,1112,0.075
2003,902,0.163
2003,448,0.093
2003,682,0.24
2003,1517,0.171
2003,2250,0.117
2003,1719,0.136
2003,2564,0.154
2003,2411,0.103
2003,1802,0.179
2003,2220,0.065
2003,2599,0.077
2003,2217,0.051
2003,699,0.29
2003,1510,0.343
2003,2073,0.106
2003,2567,0.079
2003,258,0.051
2003,2243,0.123
2003,1730,0.052
2003,2639,0.072
2003,1477,0.068
2003,1743,0.091
2003,1724,0.26
2003,935,0.122
2003,384,0.112
2003,1916,0.037
2003,2306,0.329
2003,2430,0.098
2003,2546,0.134
2003,2406,0.106
2003,2418,0.084
2003,2456,0.0
2003,891,0.1
2003,369,0.303
2003,1497,0.289
2003,685,0.03
2003,2365,0.053
2003,2547,0.056
2003,1544,0.068
2003,2423,0.058
2003,2549,0.078
2003,2036,0.029
2003,185,0.227
2003,43,0.146
2003,2404,0.067
2003,363,0.155
2003,1088,0.248
2003,221,0.063
2003,361,0.16
2003,1894,0.154
2003,916,0.084
2003,722,0.072
2003,2414,0.097
2003,1749,0.144
2003,2563,0.138
2003,2402,0.131
2003,905,0.067
2003,1800,0.363
2003,757,0.268
2003,2245,0.0
2003,2424,0.226
2003,2429,0.037
2003,2061,0.0
2003,344,0.0
2003,2091,0.052
2003,1504,0.02
2003,2032,0.142
2003,2443,0.077
2003,2545,0.095
2003,353,0.244
2003,239,0.258
2003,1032,0.062
2003,133,0.159
2003,2561,0.12
2003,2205,0.078
2003,2052,0.114
2003,2035,0.071
2003,1507,0.211
2003,965,0.175
2003,934,0.095
2003,1760,0.042
2003,2724,0.071
2003,2046,0.103
2003,2667,0.053
2003,1904,0.089
2003,2484,0.095
2003,87,0.026
2003,1901,0.138
2003,1717,0.11
2003,2051,0.045
2003,923,0.075
2003,57,0.178
2003,77,0.215
2003,2400,0.076
2003,2548,0.241
2003,1863,0.285
2003,2248,0.393
2003,2109,0.219
2003,2067,0.228
2003,224,0.16
2003,1944,0.097
2003,2201,0.061
2003,2059,0.051
2003,922,0.089
2003,1882,0.157
2003,15,0.069
2003,727,0.323
2003,677,0.105
2003,956,0.044
2003,1065,0.248
2003,911,0.033
2003,2041,0.066
2003,2436,0.185
2003,1922,0.06
2003,2421,0.277
2003,697,0.095
2003,2410,0.203
2003,56,0.259
2003,718,0.081
2003,248,0.114
2003,2222,0.09
2003,2240,0.244
2003,779,0.151
2003,299,0.085
2003,1921,0.104
2003,1761,0.115
2003,731,0.096
2003,2045,0.122
2003,2673,0.095
2003,270,0.098
2003,458,0.31
2003,93,0.083
2003,2137,0.154
2003,1956,0.09
2003,2452,0.193
2003,2074,0.133
2003,1521,0.256
2003,1751,0.013
2003,2054,0.054
2003,2063,0.053
2003,147,0.236
2003,2048,0.055
2003,2224,0.356
2003,2037,0.27
2003,469,0.123
2003,2441,0.093
2003,2592,0.0
2003,1899,0.083
2003,2249,0.179
2003,2457,0.268
2003,2407,0.083
2003,2260,0.078
2003,2553,0.092
2003,2044,0.051
2003,2215,0.105
2003,2078,0.211
2003,2574,0.06
2003,467,0.422
2003,2202,0.143
2003,1891,0.261
2003,1715,0.365
2003,1902,0.051
2003,976,0.29
2003,2244,0.075
2003,1741,0.0
2003,979,0.119
2003,2602,0.0
2003,1744,0.053
2003,2040,0.037
2003,966,0.076
2003,711,0.24
2003,754,0.126
2003,2412,0.14
2003,2207,0.187
2003,693,0.055
2003,2038,0.032
2003,2422,0.155
2003,961,0.083
2003,468,0.217
2003,1886,0.076
2003,2668,0.0
2003,2572,0.085
2003,2413,0.176
2003,1908,0.065
2003,436,0.098
2003,2079,0.0
2003,2416,0.08
2003,252,0.185
2003,2208,0.106
2003,2586,0.087
2003,2693,0.258
2003,1496,0.091
2003,1509,0.069
2003,383,0.122
2003,2570,0.115
2003,72,0.229
2003,1903,0.077
2003,2030,0.134
2003,1721,0.063
2003,954,0.126
2003,708,0.233
2003,1563,0.276
2003,788,0.059
2003,2039,0.198
2003,2550,0.32
2003,2632,0.083
2003,977,0.237
2003,703,0.098
2003,2198,0.087
2003,2594,0.088
2003,1885,0.203
2003,441,0.121
2003,1716,0.144
2003,84,0.152
2003,2544,0.268
2003,2571,0.175
2003,1924,0.09
2003,1910,0.0
2003,283,0.216
2003,2669,0.065
2003,2437,0.05
2003,2254,0.036
2003,953,0.072
2003,446,0.154
2003,2557,0.266
2003,2575,0.246
2003,2573,0.069
2003,2124,0.049
2003,990,0.1
2003,2055,0.0
2003,1938,0.218
2003,1531,0.054
2003,2556,0.226
2003,948,0.092
2003,2033,0.106
2003,2409,0.024
2003,1548,0.053
2003,349,0.336
2003,2058,0.034
2003,998,0.0
2003,2060,0.258
2003,2605,0.168
2003,2043,0.257
2003,2440,0.116
2003,2679,0.05
2003,1723,0.102
2003,2466,0.07
2003,1508,0.105
2003,2246,0.081
2003,2408,0.075
2003,2370,0.045
2003,1897,0.184
2003,2214,0.019
2003,688,0.083
2003,1720,0.078
2003,714,0.117
2003,1709,0.041
2003,2072,0.112
2003,1913,0.092
2003,1565,0.0
2003,2552,0.049
2003,2554,0.06
2003,1710,0.241
2003,2399,0.161
2003,2229,0.254
2003,2034,0.21
2003,2366,0.224
2003,1630,0.097
2003,1960,0.285
2003,348,0.093
2003,2590,0.196
2003,983,0.258
2003,2050,0.095
2003,1737,0.039
2003,2569,0.2
2003,2403,0.104
2003,89,0.281
2003,2401,0.057
2003,178,0.143
2003,932,0.115
2003,2241,0.286
2003,970,0.059
2003,136,0.097
2003,1727,0.083
2003,2200,0.143
2003,1514,0.063
2003,1718,0.249
2003,2321,0.098
2003,978,0.09
2003,461,0.0
2003,1542,0.078
2003,2056,0.1
2003,2047,0.108
2003,1900,0.067
2003,2417,0.121
2003,1711,0.115
2003,1747,0.252
2003,1952,0.107
2003,988,0.182
2003,1740,0.105
2003,739,0.115
2003,1725,0.082
2003,2446,0.066
2003,2221,0.364
2003,951,0.223
2003,2558,0.185
2003,2501,0.04
2003,397,0.181
2003,1888,0.212
2003,2210,0.18
2003,2499,0.081
2003,1594,0.331
2003,296,0.161
2003,1729,0.188
2003,2425,0.089
2003,109,0.13
2003,123,0.262
2003,1714,0.082
2003,393,0.326
2003,1934,0.097
2003,915,0.173
2003,2206,0.115
2003,2427,0.164
2003,1500,0.093
2003,2648,0.103
2003,2257,0.063
2003,1739,0.148
2003,1601,0.154
2003,1763,0.075
2003,2415,0.083
2003,208,0.354
2003,955,0.029
2003,2223,0.017
2003,2562,0.098
2003,1513,0.027
2003,1909,0.075
2003,281,0.047
2003,937,0.226
2003,2253,0.043
2003,399,0.076
2003,1742,0.279
2003,1000,0.103
2003,2203,0.085
2003,1049,0.139
2003,406,0.14
2003,949,0.126
2003,762,0.038
2003,1890,0.116
2003,2098,0.068
2003,2582,0.0
2003,2049,0.28
2003,278,0.106
2003,1536,0.155
2003,950,0.385
2003,2581,0.26
2003,1883,0.276
2003,959,0.37
2003,2212,0.025
2003,120,0.109
2003,2031,0.043
2003,2551,0.375
2003,2447,0.169
2003,2419,0.122
2003,689,0.043
2003,2604,0.065
2003,2357,0.4
2003,1495,0.17
2003,1501,0.102
2003,339,0.132
2003,389,0.23
2003,1499,0.068
2003,960,0.088
2003,763,0.066
2003,2225,0.278
2003,1765,0.083
2003,1503,0.272
2003,145,0.045
2003,696,0.209
2003,2580,0.059
2003,2566,0.143
2003,1762,0.109
2003,2239,0.082
2003,2559,0.182
2003,1607,0.252
2003,2211,0.06
2003,238,0.0
2003,1731,0.225
2003,2199,0.052
2003,2617,0.049
2003,452,0.09
2003,1713,0.262
2003,958,0.061
2003,124,0.273
2003,2209,0.102
2003,1735,0.082
2003,702,0.111
2003,1887,0.1
2003,962,0.109
2003,1917,0.033
2003,445,0.11
2003,2584,0.151
2003,2397,0.09
2003,2216,0.101
2003,2560,0.12
2003,2585,0.033
2003,1442,0.04
2003,1985,0.049
2003,2565,0.274
2003,980,0.074
2004,243,0.135
2004,1425,0.049
2004,1502,0.048
2004,1559,0.134
2004,1733,0.148
2004,2744,0.042
2004,673,0.029
2004,1893,0.07
2004,2682,0.228
2004,275,0.127
2004,947,0.361
2004,297,0.052
2004,2405,0.075
2004,2760,0.05
2004,2857,0.227
2004,2765,0.0
2004,2738,0.139
2004,1889,0.315
2004,1905,0.178
2004,2804,0.111
2004,692,0.0
2004,2740,0.047
2004,358,0.141
2004,1738,0.179
2004,1712,0.101
2004,1853,0.355
2004,924,0.252
2004,1533,0.309
2004,292,0.25
2004,324,0.18
2004,952,0.163
2004,2766,0.252
2004,1498,0.261
2004,213,0.071
2004,686,0.073
2004,1506,0.099
2004,2852,0.071
2004,1884,0.391
2004,2732,0.165
2004,1052,0.075
2004,1112,0.075
2004,2757,0.233
2004,2774,0.169
2004,2873,0.078
2004,448,0.098
2004,682,0.266
2004,1517,0.195
2004,2250,0.126
2004,1719,0.106
2004,2564,0.202
2004,2411,0.102
2004,1802,0.16
2004,2688,0.333
2004,2599,0.023
2004,2217,0.047
2004,699,0.168
2004,1510,0.462
2004,2073,0.135
2004,2567,0.056
2004,258,0.048
2004,2243,0.132
2004,1730,0.067
2004,2639,0.087
2004,1477,0.075
2004,1743,0.063
2004,935,0.115
2004,384,0.116
2004,1916,0.03
2004,2306,0.332
2004,2430,0.147
2004,2568,0.138
2004,2546,0.129
2004,2406,0.091
2004,2418,0.102
2004,369,0.189
2004,1497,0.277
2004,2365,0.093
2004,2547,0.086
2004,2768,0.28
2004,2549,0.077
2004,2036,0.046
2004,185,0.231
2004,2404,0.068
2004,363,0.091
2004,1088,0.201
2004,221,0.051
2004,361,0.102
2004,1894,0.167
2004,722,0.09
2004,2451,0.057
2004,724,0.319
2004,2414,0.096
2004,1749,0.122
2004,2788,0.0
2004,2563,0.059
2004,2402,0.22
2004,905,0.057
2004,2863,0.091
2004,1800,0.201
2004,757,0.283
2004,2245,0.161
2004,2424,0.309
2004,2429,0.026
2004,2091,0.016
2004,1504,0.013
2004,2032,0.143
2004,2443,0.106
2004,2545,0.05
2004,353,0.295
2004,239,0.235
2004,1032,0.035
2004,2758,0.032
2004,133,0.159
2004,2561,0.085
2004,2205,0.084
2004,2052,0.105
2004,2753,0.173
2004,2035,0.096
2004,1507,0.194
2004,965,0.222
2004,934,0.0
2004,2046,0.127
2004,1904,0.078
2004,2484,0.127
2004,2734,0.229
2004,87,0.014
2004,1901,0.111
2004,1717,0.138
2004,2051,0.125
2004,2764,0.141
2004,923,0.083
2004,2748,0.176
2004,57,0.192
2004,2400,0.088
2004,2730,0.043
2004,2548,0.303
2004,1863,0.293
2004,2248,0.353
2004,2109,0.161
2004,2204,0.057
2004,2067,0.18
2004,224,0.112
2004,2201,0.041
2004,2059,0.084
2004,922,0.089
2004,1882,0.128
2004,2731,0.042
2004,15,0.099
2004,727,0.258
2004,677,0.12
2004,956,0.048
2004,1065,0.193
2004,2845,0.118
2004,911,0.022
2004,2041,0.034
2004,2436,0.139
2004,1922,0.055
2004,2421,0.289
2004,697,0.102
2004,2410,0.166
2004,56,0.279
2004,2367,0.111
2004,248,0.16
2004,2222,0.102
2004,2240,0.224
2004,299,0.105
2004,1921,0.15
2004,255,0.165
2004,1761,0.127
2004,731,0.094
2004,2775,0.03
2004,2045,0.153
2004,2798,0.214
2004,458,0.299
2004,2825,0.0
2004,1956,0.074
2004,2747,0.142
2004,2074,0.1
2004,2866,0.0
2004,2761,0.095
2004,1521,0.169
2004,1751,0.011
2004,2054,0.061
2004,2063,0.065
2004,147,0.14
2004,2048,0.076
2004,2224,0.35
2004,2037,0.19
2004,2441,0.042
2004,2749,0.244
2004,2592,0.077
2004,1899,0.11
2004,2839,0.061
2004,2249,0.118
2004,2457,0.315
2004,2407,0.115
2004,2876,0.011
2004,2260,0.091
2004,2553,0.093
2004,2044,0.035
2004,2215,0.066
2004,2078,0.335
2004,2574,0.072
2004,467,0.368
2004,2202,0.185
2004,1891,0.278
2004,1715,0.339
2004,1902,0.047
2004,976,0.237
2004,1741,0.0
2004,1983,0.186
2004,979,0.124
2004,1744,0.024
2004,2040,0.014
2004,966,0.055
2004,711,0.137
2004,754,0.147
2004,2412,0.12
2004,2207,0.13
2004,693,0.047
2004,2038,0.063
2004,2823,0.041
2004,2422,0.193
2004,1519,0.047
2004,468,0.177
2004,1886,0.111
2004,2735,0.1
2004,2668,0.063
2004,2572,0.069
2004,2746,0.1
2004,2413,0.19
2004,1908,0.057
2004,2454,0.23
2004,2770,0.128
2004,436,0.1
2004,2079,0.036
2004,2416,0.121
2004,2208,0.154
2004,2586,0.124
2004,2693,0.282
2004,1496,0.085
2004,1509,0.039
2004,383,0.159
2004,2570,0.062
2004,72,0.22
2004,1903,0.118
2004,2030,0.131
2004,954,0.13
2004,708,0.264
2004,2755,0.071
2004,1563,0.196
2004,788,0.043
2004,2039,0.187
2004,2550,0.318
2004,2632,0.167
2004,2745,0.073
2004,977,0.287
2004,2743,0.095
2004,703,0.09
2004,2198,0.074
2004,2594,0.108
2004,1885,0.182
2004,441,0.086
2004,1919,0.151
2004,1716,0.214
2004,84,0.119
2004,1444,0.0
2004,2544,0.324
2004,2571,0.187
2004,1924,0.11
2004,283,0.194
2004,2669,0.0
2004,2763,0.211
2004,2437,0.0
2004,2254,0.038
2004,953,0.066
2004,446,0.073
2004,2784,0.262
2004,2739,0.167
2004,2557,0.304
2004,2575,0.2
2004,2736,0.141
2004,2573,0.05
2004,2124,0.062
2004,990,0.07
2004,2055,0.028
2004,1938,0.217
2004,1531,0.074
2004,2556,0.219
2004,948,0.119
2004,2033,0.128
2004,2409,0.056
2004,2435,0.035
2004,1548,0.098
2004,2891,0.075
2004,2058,0.041
2004,998,0.063
2004,2060,0.287
2004,2605,0.153
2004,2043,0.194
2004,2440,0.113
2004,2588,0.054
2004,2679,0.07
2004,2782,0.079
2004,1723,0.097
2004,2486,0.077
2004,2230,0.056
2004,1508,0.091
2004,2246,0.132
2004,2408,0.078
2004,1897,0.164
2004,2214,0.068
2004,688,0.107
2004,1720,0.065
2004,714,0.111
2004,1709,0.038
2004,2072,0.112
2004,1913,0.074
2004,1565,0.052
2004,2552,0.05
2004,2554,0.105
2004,1710,0.277
2004,2399,0.127
2004,2229,0.253
2004,2034,0.169
2004,2366,0.234
2004,1630,0.07
2004,1960,0.296
2004,2590,0.339
2004,983,0.207
2004,2050,0.11
2004,1737,0.029
2004,2569,0.033
2004,2420,0.067
2004,2403,0.103
2004,2555,0.04
2004,89,0.231
2004,2401,0.081
2004,1918,0.023
2004,2241,0.415
2004,970,0.077
2004,136,0.109
2004,2776,0.012
2004,1727,0.051
2004,2200,0.143
2004,1718,0.197
2004,2321,0.2
2004,2750,0.0
2004,978,0.086
2004,2762,0.0
2004,1542,0.06
2004,2056,0.063
2004,2047,0.077
2004,2624,0.109
2004,2417,0.0
2004,1711,0.069
2004,2737,0.032
2004,1747,0.314
2004,1952,0.092
2004,988,0.319
2004,1740,0.064
2004,739,0.094
2004,1725,0.061
2004,2446,0.085
2004,2221,0.363
2004,951,0.176
2004,2558,0.078
2004,2501,0.046
2004,397,0.125
2004,1888,0.226
2004,2210,0.204
2004,2499,0.097
2004,1594,0.332
2004,1729,0.163
2004,109,0.091
2004,2741,0.051
2004,1714,0.075
2004,393,0.307
2004,1934,0.093
2004,915,0.11
2004,2206,0.118
2004,1500,0.111
2004,2648,0.094
2004,2767,0.197
2004,1739,0.12
2004,1763,0.052
2004,2415,0.036
2004,208,0.336
2004,955,0.045
2004,2223,0.031
2004,2562,0.091
2004,2756,0.185
2004,1513,0.034
2004,1909,0.096
2004,281,0.084
2004,1752,0.065
2004,2742,0.28
2004,1000,0.091
2004,2203,0.081
2004,406,0.149
2004,949,0.106
2004,2733,0.287
2004,762,0.024
2004,1890,0.072
2004,2098,0.052
2004,2470,0.254
2004,2049,0.33
2004,278,0.084
2004,1536,0.133
2004,950,0.344
2004,2581,0.18
2004,1883,0.315
2004,959,0.46
2004,2212,0.018
2004,120,0.161
2004,2031,0.063
2004,2447,0.067
2004,2419,0.14
2004,689,0.03
2004,2604,0.094
2004,2357,0.248
2004,1495,0.151
2004,1501,0.093
2004,339,0.115
2004,389,0.228
2004,2754,0.08
2004,1499,0.033
2004,2800,0.0
2004,960,0.138
2004,763,0.035
2004,2225,0.323
2004,1765,0.0
2004,1503,0.276
2004,696,0.183
2004,2566,0.078
2004,1762,0.0
2004,2239,0.097
2004,2772,0.101
2004,1607,0.265
2004,2211,0.068
2004,1731,0.275
2004,2199,0.049
2004,2617,0.061
2004,2751,0.08
2004,452,0.079
2004,1713,0.234
2004,958,0.045
2004,124,0.247
2004,2209,0.076
2004,702,0.15
2004,1887,0.125
2004,962,0.067
2004,1917,0.1
2004,445,0.094
2004,2584,0.172
2004,2397,0.048
2004,2657,0.25
2004,2216,0.107
2004,2560,0.093
2004,2585,0.071
2004,1442,0.049
2004,1985,0.063
2004,2565,0.185
2004,980,0.065
2005,243,0.147
2005,101223,0.308
2005,1425,0.036
2005,1502,0.028
2005,1559,0.107
2005,1733,0.155
2005,2744,0.055
2005,101187,0.093
2005,673,0.032
2005,101165,0.19
2005,2637,0.0
2005,947,0.331
2005,297,0.014
2005,1541,0.0
2005,2405,0.063
2005,101161,0.125
2005,2760,0.04
2005,101154,0.103
2005,2857,0.28
2005,2738,0.126
2005,1889,0.355
2005,101261,0.079
2005,1905,0.202
2005,2804,0.091
2005,101106,0.133
2005,101115,0.044
2005,2740,0.038
2005,358,0.174
2005,1712,0.083
2005,1853,0.277
2005,924,0.182
2005,101219,0.13
2005,1533,0.279
2005,101194,0.122
2005,952,0.129
2005,101120,0.057
2005,2766,0.24
2005,1498,0.196
2005,213,0.035
2005,686,0.089
2005,101178,0.071
2005,1506,0.089
2005,2852,0.059
2005,1884,0.412
2005,2732,0.17
2005,1112,0.081
2005,2757,0.273
2005,2774,0.096
2005,2873,0.108
2005,448,0.065
2005,1517,0.205
2005,2250,0.112
2005,101238,0.08
2005,1719,0.139
2005,2564,0.245
2005,2411,0.094
2005,101152,0.072
2005,1802,0.205
2005,101138,0.02
2005,2217,0.038
2005,699,0.157
2005,1510,0.412
2005,2073,0.136
2005,2567,0.079
2005,258,0.039
2005,2243,0.09
2005,1730,0.056
2005,1477,0.067
2005,935,0.333
2005,101139,0.142
2005,384,0.074
2005,1916,0.075
2005,2306,0.32
2005,2430,0.154
2005,2568,0.105
2005,2546,0.141
2005,2406,0.12
2005,101112,0.066
2005,1520,0.074
2005,2294,0.165
2005,101111,0.063
2005,1497,0.392
2005,2365,0.018
2005,2547,0.117
2005,2768,0.269
2005,2549,0.05
2005,2036,0.063
2005,101108,0.378
2005,101147,0.024
2005,185,0.157
2005,2404,0.054
2005,101236,0.044
2005,1088,0.206
2005,361,0.085
2005,1894,0.12
2005,722,0.068
2005,1749,0.129
2005,2788,0.014
2005,2563,0.075
2005,905,0.054
2005,2863,0.114
2005,1800,0.124
2005,757,0.263
2005,2424,0.233
2005,2429,0.048
2005,101137,0.145
2005,1504,0.011
2005,101122,0.092
2005,2032,0.106
2005,2443,0.113
2005,2545,0.096
2005,353,0.216
2005,239,0.247
2005,2758,0.026
2005,101135,0.062
2005,133,0.147
2005,2561,0.07
2005,2205,0.022
2005,2052,0.101
2005,2753,0.213
2005,101184,0.0
2005,2035,0.095
2005,1507,0.165
2005,965,0.23
2005,101114,0.274
2005,2583,0.467
2005,2046,0.055
2005,1904,0.073
2005,2484,0.108
2005,101209,0.097
2005,2734,0.247
2005,101159,0.042
2005,87,0.007
2005,1717,0.142
2005,101182,0.17
2005,2764,0.102
2005,923,0.048
2005,2748,0.129
2005,57,0.115
2005,2400,0.044
2005,101204,0.034
2005,2730,0.07
2005,2548,0.312
2005,2853,0.0
2005,1863,0.254
2005,2248,0.289
2005,101188,0.094
2005,2109,0.176
2005,2204,0.049
2005,2067,0.17
2005,224,0.124
2005,2201,0.02
2005,2059,0.054
2005,1882,0.127
2005,2731,0.06
2005,15,0.086
2005,727,0.224
2005,677,0.065
2005,956,0.041
2005,911,0.045
2005,101212,0.021
2005,2041,0.02
2005,101177,0.089
2005,2436,0.16
2005,1922,0.044
2005,101128,0.118
2005,2410,0.154
2005,56,0.176
2005,2809,0.228
2005,101123,0.093
2005,2222,0.082
2005,2240,0.261
2005,1921,0.128
2005,255,0.142
2005,1761,0.11
2005,731,0.122
2005,2775,0.008
2005,101124,0.08
2005,2045,0.142
2005,458,0.294
2005,101113,0.051
2005,2137,0.082
2005,1956,0.039
2005,2747,0.102
2005,2866,0.056
2005,2761,0.042
2005,1521,0.182
2005,2054,0.03
2005,2063,0.08
2005,147,0.158
2005,2048,0.036
2005,2224,0.336
2005,2037,0.212
2005,2441,0.238
2005,2749,0.297
2005,2592,0.044
2005,1899,0.066
2005,101189,0.059
2005,2839,0.011
2005,2457,0.266
2005,2407,0.114
2005,101127,0.249
2005,2260,0.096
2005,2553,0.087
2005,2215,0.056
2005,2078,0.152
2005,2574,0.094
2005,467,0.369
2005,101131,0.031
2005,2202,0.149
2005,1891,0.189
2005,1715,0.234
2005,1902,0.05
2005,976,0.212
2005,1983,0.217
2005,979,0.148
2005,1744,0.058
2005,711,0.186
2005,754,0.099
2005,2412,0.122
2005,2207,0.29
2005,693,0.058
2005,2038,0.049
2005,101121,0.061
2005,101130,0.018
2005,2823,0.028
2005,101249,0.2
2005,2422,0.172
2005,1519,0.026
2005,468,0.129
2005,1886,0.167
2005,101181,0.301
2005,2735,0.095
2005,2668,0.125
2005,2572,0.1
2005,2694,0.034
2005,2746,0.124
2005,2413,0.144
2005,101125,0.333
2005,1908,0.05
2005,2770,0.072
2005,436,0.084
2005,2416,0.079
2005,2586,0.117
2005,2693,0.219
2005,1496,0.06
2005,1509,0.022
2005,2570,0.081
2005,1903,0.122
2005,2030,0.086
2005,101207,0.242
2005,708,0.194
2005,2755,0.085
2005,1563,0.154
2005,2039,0.166
2005,2550,0.289
2005,2745,0.13
2005,977,0.228
2005,2743,0.09
2005,703,0.057
2005,2198,0.056
2005,2594,0.101
2005,1885,0.22
2005,441,0.042
2005,1919,0.104
2005,1716,0.174
2005,101160,0.048
2005,2544,0.315
2005,2571,0.143
2005,1924,0.048
2005,101132,0.047
2005,283,0.283
2005,2669,0.042
2005,2437,0.017
2005,2254,0.018
2005,953,0.049
2005,101150,0.12
2005,2739,0.137
2005,2557,0.312
2005,101195,0.072
2005,2575,0.189
2005,2736,0.095
2005,101129,0.167
2005,2573,0.133
2005,2124,0.047
2005,990,0.099
2005,1938,0.215
2005,1531,0.078
2005,2556,0.251
2005,948,0.099
2005,2033,0.05
2005,2435,0.024
2005,1548,0.076
2005,2058,0.025
2005,2060,0.223
2005,2605,0.162
2005,101110,0.055
2005,101149,0.0
2005,101107,0.052
2005,2043,0.318
2005,2440,0.075
2005,2588,0.053
2005,2679,0.048
2005,1723,0.095
2005,101190,0.0
2005,2230,0.088
2005,1508,0.078
2005,2246,0.126
2005,2408,0.1
2005,2684,0.048
2005,1897,0.157
2005,2214,0.085
2005,1720,0.039
2005,714,0.096
2005,1709,0.044
2005,2072,0.133
2005,1913,0.042
2005,2552,0.084
2005,2554,0.066
2005,1710,0.244
2005,2399,0.147
2005,2229,0.276
2005,2034,0.171
2005,2366,0.158
2005,1630,0.069
2005,1960,0.257
2005,2590,0.259
2005,101145,0.152
2005,983,0.215
2005,2050,0.1
2005,101126,0.17
2005,1737,0.047
2005,2420,0.063
2005,2403,0.0
2005,2555,0.079
2005,89,0.22
2005,2401,0.057
2005,101230,0.043
2005,101158,0.178
2005,970,0.079
2005,136,0.062
2005,2776,0.022
2005,2469,0.071
2005,1727,0.071
2005,2200,0.234
2005,1718,0.224
2005,2750,0.0
2005,978,0.089
2005,2056,0.037
2005,2047,0.105
2005,2624,0.077
2005,2417,0.08
2005,1711,0.087
2005,2737,0.038
2005,1747,0.3
2005,1952,0.098
2005,2450,0.0
2005,988,0.053
2005,101119,0.088
2005,1740,0.106
2005,739,0.109
2005,1725,0.033
2005,2446,0.037
2005,101185,0.07
2005,951,0.166
2005,101109,0.298
2005,2558,0.111
2005,2501,0.042
2005,1888,0.183
2005,2210,0.175
2005,2499,0.097
2005,1594,0.243
2005,1729,0.211
2005,109,0.106
2005,2741,0.012
2005,101156,0.138
2005,2648,0.092
2005,101179,0.153
2005,101142,0.078
2005,2767,0.119
2005,1739,0.126
2005,1763,0.062
2005,101155,0.069
2005,101136,0.107
2005,208,0.31
2005,955,0.0
2005,2223,0.022
2005,101180,0.257
2005,2562,0.051
2005,2756,0.152
2005,1513,0.046
2005,1909,0.104
2005,1752,0.074
2005,101118,0.105
2005,2742,0.273
2005,2752,0.091
2005,1000,0.072
2005,2203,0.081
2005,406,0.111
2005,949,0.13
2005,101213,0.0
2005,2733,0.283
2005,101183,0.062
2005,1890,0.068
2005,2098,0.125
2005,2470,0.165
2005,2049,0.306
2005,278,0.092
2005,101211,0.063
2005,1536,0.141
2005,950,0.305
2005,2581,0.277
2005,1883,0.257
2005,959,0.435
2005,2212,0.021
2005,2031,0.04
2005,2551,0.298
2005,2419,0.106
2005,2242,0.034
2005,689,0.036
2005,1495,0.162
2005,1501,0.042
2005,389,0.209
2005,2754,0.119
2005,1499,0.035
2005,960,0.151
2005,2225,0.311
2005,1503,0.268
2005,101143,0.126
2005,2566,0.055
2005,2239,0.129
2005,2772,0.096
2005,1607,0.239
2005,2211,0.066
2005,1731,0.225
2005,2199,0.056
2005,2617,0.057
2005,2751,0.094
2005,452,0.078
2005,1713,0.235
2005,958,0.041
2005,2209,0.112
2005,101144,0.114
2005,702,0.155
2005,1887,0.139
2005,962,0.112
2005,101134,0.031
2005,101198,0.218
2005,2584,0.065
2005,2397,0.092
2005,101117,0.12
2005,2216,0.111
2005,2560,0.069
2005,2585,0.084
2005,1442,0.039
2005,1985,0.0
2005,2565,0.179
2005,980,0.073
2006,243,0.165
2006,1425,0.03
2006,200747,0.121
2006,1502,0.054
2006,1559,0.154
2006,1733,0.097
2006,2744,0.071
2006,101187,0.144
2006,673,0.036
2006,200792,0.033
2006,200810,0.105
2006,947,0.302
2006,297,0.02
2006,1541,0.429
2006,2405,0.049
2006,101161,0.039
2006,2760,0.06
2006,101154,0.094
2006,2857,0.368
2006,2810,0.014
2006,2738,0.242
2006,1889,0.329
2006,200745,0.051
2006,2601,0.02
2006,1905,0.145
2006,2804,0.073
2006,101106,0.138
2006,101115,0.085
2006,2740,0.053
2006,1712,0.084
2006,1853,0.423
2006,1533,0.249
2006,1515,0.096
2006,101194,0.071
2006,952,0.122
2006,101120,0.081
2006,1498,0.261
2006,686,0.072
2006,1506,0.104
2006,1884,0.356
2006,2732,0.194
2006,1112,0.101
2006,2757,0.22
2006,2774,0.119
2006,448,0.055
2006,1517,0.179
2006,200784,0.075
2006,1719,0.1
2006,2564,0.219
2006,2411,0.072
2006,101152,0.114
2006,1802,0.196
2006,101138,0.03
2006,200750,0.202
2006,2217,0.04
2006,699,0.132
2006,1510,0.378
2006,2073,0.169
2006,2567,0.1
2006,2243,0.092
2006,1730,0.054
2006,1477,0.068
2006,101139,0.097
2006,1916,0.067
2006,2306,0.286
2006,2430,0.158
2006,2568,0.108
2006,2546,0.183
2006,2406,0.154
2006,200841,0.075
2006,200759,0.037
2006,101112,0.063
2006,2294,0.137
2006,101111,0.058
2006,1497,0.321
2006,2547,0.115
2006,2768,0.252
2006,2549,0.061
2006,200840,0.0
2006,101108,0.397
2006,200809,0.289
2006,185,0.17
2006,2404,0.05
2006,101236,0.043
2006,1088,0.276
2006,361,0.092
2006,1894,0.16
2006,722,0.054
2006,200783,0.056
2006,1749,0.117
2006,2788,0.113
2006,2563,0.066
2006,2402,0.2
2006,905,0.041
2006,2863,0.121
2006,200806,0.059
2006,1800,0.128
2006,757,0.313
2006,2424,0.259
2006,2429,0.053
2006,101137,0.215
2006,200789,0.11
2006,1504,0.01
2006,101122,0.07
2006,2443,0.092
2006,2545,0.081
2006,353,0.25
2006,239,0.347
2006,2758,0.063
2006,101135,0.095
2006,200786,0.122
2006,133,0.172
2006,2561,0.103
2006,2205,0.03
2006,2052,0.139
2006,200793,0.269
2006,2753,0.237
2006,2035,0.068
2006,1507,0.174
2006,965,0.183
2006,101114,0.404
2006,2824,0.346
2006,2046,0.076
2006,1904,0.043
2006,2484,0.143
2006,2734,0.22
2006,101159,0.071
2006,87,0.016
2006,1717,0.169
2006,101182,0.236
2006,923,0.058
2006,2748,0.126
2006,57,0.182
2006,2400,0.067
2006,101204,0.0
2006,2730,0.092
2006,2548,0.378
2006,2853,0.045
2006,1863,0.241
2006,2248,0.318
2006,2204,0.083
2006,2067,0.127
2006,224,0.111
2006,2201,0.045
2006,2059,0.056
2006,1882,0.142
2006,2731,0.06
2006,15,0.085
2006,727,0.259
2006,677,0.103
2006,956,0.034
2006,101141,0.086
2006,101212,0.105
2006,2041,0.036
2006,101177,0.075
2006,2436,0.207
2006,1922,0.063
2006,101128,0.101
2006,2410,0.134
2006,56,0.217
2006,101123,0.089
2006,2222,0.123
2006,2240,0.257
2006,1921,0.09
2006,255,0.125
2006,1761,0.082
2006,101124,0.064
2006,200801,0.043
2006,2045,0.171
2006,200756,0.027
2006,101113,0.061
2006,2137,0.085
2006,1956,0.026
2006,200829,0.038
2006,200826,0.24
2006,200755,0.1
2006,2747,0.098
2006,2866,0.088
2006,1521,0.27
2006,2054,0.022
2006,2063,0.067
2006,147,0.119
2006,2048,0.03
2006,2224,0.379
2006,2037,0.203
2006,2441,0.058
2006,2749,0.242
2006,200788,0.333
2006,2592,0.048
2006,2591,0.054
2006,1899,0.078
2006,101189,0.075
2006,200778,0.065
2006,2457,0.218
2006,2407,0.08
2006,2876,0.076
2006,101127,0.265
2006,2260,0.102
2006,2553,0.082
2006,2215,0.034
2006,2078,0.195
2006,2574,0.079
2006,467,0.405
2006,101131,0.025
2006,2202,0.153
2006,1891,0.244
2006,1715,0.275
2006,1902,0.049
2006,976,0.276
2006,200978,0.0
2006,979,0.128
2006,1744,0.023
2006,711,0.195
2006,2207,0.216
2006,693,0.055
2006,2038,0.027
2006,101121,0.053
2006,101130,0.05
2006,101249,0.167
2006,2422,0.196
2006,200770,0.204
2006,200816,0.099
2006,101181,0.397
2006,200767,0.027
2006,2735,0.108
2006,2572,0.088
2006,2694,0.1
2006,2746,0.157
2006,2413,0.112
2006,101125,0.293
2006,1908,0.011
2006,2454,0.246
2006,2770,0.085
2006,200818,0.01
2006,436,0.105
2006,2586,0.094
2006,2693,0.184
2006,101235,0.068
2006,1509,0.0
2006,2570,0.095
2006,1903,0.085
2006,2030,0.023
2006,708,0.19
2006,2755,0.108
2006,1563,0.229
2006,788,0.034
2006,200838,0.078
2006,2039,0.135
2006,2550,0.291
2006,2745,0.125
2006,977,0.249
2006,2743,0.043
2006,703,0.026
2006,2198,0.097
2006,2594,0.083
2006,200768,0.269
2006,200746,0.03
2006,1885,0.193
2006,1716,0.162
2006,101160,0.048
2006,2544,0.281
2006,2571,0.188
2006,200796,0.026
2006,101132,0.047
2006,283,0.225
2006,2669,0.041
2006,953,0.06
2006,200811,0.02
2006,101150,0.264
2006,2739,0.157
2006,2557,0.276
2006,101195,0.014
2006,2575,0.194
2006,2736,0.115
2006,101129,0.155
2006,2696,0.205
2006,1766,0.067
2006,2124,0.041
2006,990,0.135
2006,1938,0.223
2006,1531,0.099
2006,2556,0.223
2006,948,0.137
2006,200790,0.069
2006,200766,0.346
2006,200776,0.188
2006,1548,0.045
2006,2058,0.031
2006,2060,0.147
2006,2605,0.126
2006,101110,0.05
2006,101107,0.094
2006,2440,0.131
2006,2588,0.061
2006,2679,0.083
2006,2782,0.088
2006,1723,0.083
2006,200772,0.065
2006,2230,0.07
2006,1508,0.078
2006,2246,0.097
2006,2408,0.115
2006,1897,0.153
2006,1720,0.053
2006,714,0.1
2006,1709,0.038
2006,2072,0.104
2006,1913,0.037
2006,2552,0.122
2006,101153,0.07
2006,2554,0.049
2006,1710,0.235
2006,2399,0.142
2006,200837,0.1
2006,2229,0.232
2006,2034,0.189
2006,2366,0.238
2006,1630,0.059
2006,101148,0.0
2006,2590,0.266
2006,101145,0.185
2006,2050,0.052
2006,200754,0.0
2006,101126,0.119
2006,1737,0.02
2006,2420,0.102
2006,2403,0.072
2006,2555,0.055
2006,101158,0.15
2006,970,0.054
2006,136,0.049
2006,200782,0.061
2006,2776,0.1
2006,2469,0.051
2006,1727,0.082
2006,200753,0.106
2006,2200,0.166
2006,200781,0.08
2006,200794,0.068
2006,1718,0.209
2006,978,0.045
2006,200822,0.0
2006,2056,0.044
2006,2047,0.113
2006,200763,0.071
2006,2624,0.079
2006,1711,0.038
2006,2737,0.067
2006,1747,0.232
2006,1952,0.094
2006,200765,0.26
2006,201043,0.037
2006,200751,0.216
2006,988,0.308
2006,101119,0.111
2006,1740,0.108
2006,739,0.089
2006,1725,0.068
2006,2446,0.048
2006,101185,0.063
2006,951,0.183
2006,101109,0.314
2006,2501,0.06
2006,200764,0.071
2006,200970,0.0
2006,1888,0.184
2006,2210,0.131
2006,1729,0.215
2006,200823,0.116
2006,109,0.106
2006,200760,0.037
2006,2427,0.115
2006,101232,0.0
2006,2648,0.083
2006,200758,0.057
2006,101179,0.14
2006,101142,0.092
2006,2767,0.14
2006,1739,0.154
2006,200752,0.078
2006,101155,0.092
2006,200797,0.01
2006,101136,0.112
2006,208,0.34
2006,2223,0.041
2006,101180,0.31
2006,2562,0.11
2006,2756,0.107
2006,1513,0.053
2006,1909,0.058
2006,1752,0.0
2006,101118,0.139
2006,2742,0.223
2006,200771,0.416
2006,1742,0.15
2006,2203,0.092
2006,200769,0.091
2006,406,0.138
2006,949,0.092
2006,2733,0.283
2006,101183,0.038
2006,1890,0.065
2006,200761,0.068
2006,200749,0.051
2006,2098,0.048
2006,2470,0.141
2006,200780,0.028
2006,2049,0.291
2006,101211,0.055
2006,1536,0.183
2006,950,0.249
2006,2581,0.26
2006,1883,0.223
2006,959,0.468
2006,200779,0.055
2006,2212,0.028
2006,200848,0.0
2006,2031,0.029
2006,2551,0.448
2006,200814,0.068
2006,2419,0.127
2006,200757,0.109
2006,689,0.0
2006,1495,0.182
2006,1501,0.142
2006,2754,0.12
2006,1499,0.036
2006,2225,0.307
2006,1503,0.353
2006,101143,0.21
2006,2566,0.061
2006,2239,0.138
2006,2772,0.092
2006,1607,0.227
2006,2211,0.112
2006,1731,0.242
2006,200748,0.066
2006,2199,0.04
2006,2617,0.064
2006,101166,0.036
2006,2779,0.207
2006,2751,0.145
2006,1713,0.245
2006,958,0.0
2006,2209,0.113
2006,101144,0.0
2006,1887,0.107
2006,200835,0.049
2006,101134,0.082
2006,200807,0.193
2006,101215,0.3
2006,2584,0.111
2006,200821,0.068
2006,2397,0.115
2006,101117,0.19
2006,2216,0.126
2006,2585,0.092
2006,980,0.099
2007,201166,0.249
2007,201189,0.113
2007,1425,0.052
2007,201151,0.218
2007,1502,0.038
2007,1559,0.134
2007,1733,0.089
2007,201143,0.078
2007,2744,0.075
2007,201154,0.084
2007,201169,0.0
2007,200792,0.045
2007,947,0.271
2007,297,0.032
2007,2405,0.072
2007,101161,0.058
2007,2760,0.065
2007,101154,0.096
2007,2857,0.583
2007,2810,0.045
2007,2738,0.207
2007,1889,0.318
2007,101261,0.18
2007,200745,0.073
2007,1905,0.176
2007,2804,0.083
2007,101106,0.121
2007,101115,0.091
2007,2740,0.051
2007,358,0.173
2007,1712,0.07
2007,1853,0.266
2007,1533,0.268
2007,1515,0.107
2007,952,0.085
2007,101120,0.113
2007,1498,0.239
2007,686,0.061
2007,201167,0.086
2007,1506,0.1
2007,2852,0.102
2007,1884,0.291
2007,2732,0.168
2007,1112,0.07
2007,2757,0.222
2007,2873,0.0
2007,201336,0.288
2007,448,0.0
2007,1517,0.17
2007,200784,0.092
2007,2250,0.087
2007,1719,0.11
2007,2564,0.196
2007,2411,0.1
2007,1802,0.161
2007,201148,0.035
2007,101138,0.067
2007,200750,0.272
2007,2217,0.051
2007,699,0.15
2007,1510,0.323
2007,2073,0.074
2007,2567,0.073
2007,2243,0.119
2007,1730,0.025
2007,1477,0.055
2007,201228,0.139
2007,101139,0.113
2007,1916,0.06
2007,201171,0.05
2007,2306,0.272
2007,2430,0.135
2007,2568,0.117
2007,2546,0.156
2007,2406,0.21
2007,2418,0.052
2007,200759,0.0
2007,101112,0.073
2007,2294,0.208
2007,101111,0.072
2007,1497,0.341
2007,200798,0.0
2007,2365,0.0
2007,2547,0.123
2007,2768,0.273
2007,2549,0.094
2007,2036,0.071
2007,101108,0.5
2007,200809,0.234
2007,201181,0.046
2007,185,0.188
2007,2404,0.07
2007,101236,0.083
2007,1088,0.212
2007,201207,0.184
2007,201147,0.092
2007,1894,0.143
2007,201235,0.143
2007,200783,0.066
2007,1749,0.131
2007,2788,0.044
2007,201199,0.165
2007,201161,0.095
2007,2563,0.103
2007,2863,0.129
2007,1800,0.154
2007,757,0.244
2007,2424,0.273
2007,2429,0.034
2007,200789,0.13
2007,101122,0.097
2007,2443,0.142
2007,200827,0.161
2007,2545,0.055
2007,353,0.225
2007,239,0.21
2007,201208,0.0
2007,2758,0.03
2007,101135,0.067
2007,2561,0.104
2007,2205,0.047
2007,2052,0.152
2007,2753,0.242
2007,201193,0.045
2007,2035,0.077
2007,1507,0.215
2007,965,0.157
2007,101114,0.427
2007,2046,0.107
2007,1904,0.068
2007,2484,0.166
2007,2734,0.288
2007,87,0.012
2007,1717,0.171
2007,201187,0.096
2007,923,0.044
2007,2748,0.087
2007,2400,0.062
2007,101204,0.033
2007,2730,0.059
2007,2548,0.336
2007,2853,0.063
2007,1863,0.27
2007,2248,0.359
2007,2109,0.297
2007,2067,0.182
2007,224,0.105
2007,2201,0.04
2007,2059,0.079
2007,1882,0.103
2007,2731,0.044
2007,15,0.141
2007,727,0.213
2007,956,0.052
2007,101177,0.09
2007,2436,0.266
2007,1922,0.051
2007,101128,0.104
2007,2410,0.15
2007,201172,0.245
2007,101123,0.138
2007,2222,0.159
2007,2240,0.282
2007,201175,0.053
2007,1921,0.115
2007,255,0.13
2007,1761,0.109
2007,200799,0.071
2007,101124,0.055
2007,2045,0.224
2007,200756,0.048
2007,101133,0.125
2007,101113,0.057
2007,2137,0.078
2007,1956,0.044
2007,200826,0.216
2007,200755,0.094
2007,2747,0.149
2007,1521,0.232
2007,2063,0.053
2007,2048,0.043
2007,2224,0.368
2007,2037,0.217
2007,200081,0.06
2007,2749,0.299
2007,200788,0.023
2007,2592,0.043
2007,1899,0.105
2007,2457,0.211
2007,201162,0.094
2007,2407,0.072
2007,101127,0.24
2007,2260,0.071
2007,2553,0.081
2007,2215,0.033
2007,2078,0.208
2007,2574,0.068
2007,467,0.424
2007,101131,0.042
2007,2202,0.149
2007,201160,0.028
2007,1891,0.175
2007,1715,0.255
2007,201159,0.121
2007,1902,0.103
2007,201145,0.082
2007,976,0.239
2007,1741,0.0
2007,200978,0.028
2007,979,0.13
2007,201176,0.077
2007,1744,0.0
2007,711,0.171
2007,201149,0.087
2007,2207,0.251
2007,693,0.068
2007,201202,0.011
2007,2038,0.023
2007,101121,0.071
2007,101130,0.039
2007,2422,0.138
2007,200770,0.209
2007,200816,0.067
2007,101181,0.42
2007,200767,0.05
2007,2735,0.088
2007,2572,0.103
2007,201177,0.111
2007,2694,0.066
2007,2746,0.163
2007,2434,0.132
2007,2413,0.23
2007,201153,0.1
2007,200818,0.0
2007,436,0.074
2007,2079,0.167
2007,2416,0.097
2007,2867,0.129
2007,2586,0.071
2007,101247,0.0
2007,101235,0.063
2007,2570,0.063
2007,1903,0.074
2007,2030,0.062
2007,201142,0.12
2007,708,0.186
2007,2755,0.097
2007,1563,0.177
2007,2039,0.177
2007,2550,0.303
2007,2745,0.122
2007,977,0.236
2007,200785,0.045
2007,2743,0.053
2007,703,0.065
2007,2198,0.099
2007,2594,0.095
2007,200768,0.224
2007,201178,0.048
2007,200746,0.086
2007,1885,0.138
2007,200984,0.0
2007,1716,0.146
2007,2544,0.352
2007,2571,0.137
2007,200796,0.036
2007,101132,0.076
2007,283,0.237
2007,2669,0.111
2007,2254,0.167
2007,953,0.044
2007,200811,0.0
2007,101150,0.236
2007,2449,0.088
2007,2739,0.134
2007,2557,0.296
2007,2575,0.182
2007,2736,0.127
2007,101129,0.163
2007,1766,0.048
2007,2124,0.069
2007,990,0.093
2007,1938,0.257
2007,101162,0.08
2007,201158,0.099
2007,2556,0.179
2007,948,0.126
2007,200790,0.047
2007,200766,0.285
2007,201173,0.143
2007,200776,0.221
2007,201238,0.072
2007,1548,0.048
2007,2058,0.041
2007,2060,0.213
2007,2605,0.144
2007,101110,0.068
2007,101107,0.083
2007,2440,0.136
2007,2588,0.066
2007,2679,0.058
2007,1723,0.099
2007,200772,0.085
2007,2230,0.072
2007,2246,0.089
2007,2408,0.055
2007,1897,0.157
2007,1720,0.041
2007,714,0.084
2007,2072,0.16
2007,1913,0.055
2007,101153,0.113
2007,2554,0.051
2007,1710,0.281
2007,201144,0.247
2007,2399,0.158
2007,200839,0.033
2007,2229,0.142
2007,2034,0.155
2007,2366,0.121
2007,1630,0.053
2007,2590,0.299
2007,101145,0.154
2007,201165,0.13
2007,2050,0.052
2007,200754,0.028
2007,101126,0.189
2007,1737,0.074
2007,2420,0.056
2007,2403,0.093
2007,2555,0.077
2007,201174,0.074
2007,201156,0.101
2007,200762,0.038
2007,101158,0.083
2007,970,0.037
2007,136,0.078
2007,1727,0.08
2007,200753,0.056
2007,2200,0.148
2007,200781,0.103
2007,200794,0.074
2007,1718,0.21
2007,978,0.053
2007,2056,0.036
2007,2047,0.099
2007,200763,0.105
2007,2624,0.094
2007,1711,0.033
2007,1747,0.246
2007,1952,0.085
2007,200765,0.263
2007,201196,0.407
2007,201043,0.019
2007,200751,0.202
2007,101119,0.138
2007,1740,0.104
2007,739,0.095
2007,1725,0.086
2007,2446,0.064
2007,951,0.139
2007,101109,0.318
2007,2501,0.051
2007,200764,0.066
2007,1888,0.215
2007,2210,0.146
2007,2499,0.084
2007,1729,0.167
2007,109,0.132
2007,2741,0.014
2007,200760,0.05
2007,201155,0.258
2007,2427,0.133
2007,2648,0.1
2007,200758,0.092
2007,101179,0.202
2007,101142,0.13
2007,2767,0.176
2007,1739,0.087
2007,200752,0.093
2007,1763,0.056
2007,101155,0.094
2007,200797,0.04
2007,101136,0.123
2007,208,0.298
2007,2223,0.026
2007,2562,0.111
2007,2756,0.087
2007,1513,0.027
2007,1752,0.063
2007,201157,0.037
2007,2742,0.282
2007,200771,0.35
2007,2203,0.079
2007,200769,0.16
2007,406,0.088
2007,949,0.129
2007,101183,0.13
2007,1890,0.087
2007,200761,0.099
2007,200749,0.041
2007,2470,0.249
2007,200780,0.0
2007,201150,0.076
2007,201186,0.02
2007,101211,0.127
2007,1536,0.151
2007,950,0.244
2007,2581,0.261
2007,1883,0.233
2007,959,0.447
2007,200779,0.043
2007,2212,0.0
2007,2031,0.053
2007,2551,0.434
2007,200814,0.038
2007,201192,0.208
2007,2419,0.165
2007,200757,0.146
2007,201152,0.056
2007,689,0.05
2007,201242,0.038
2007,1495,0.152
2007,1501,0.154
2007,2754,0.143
2007,2225,0.327
2007,1503,0.294
2007,101143,0.282
2007,2566,0.092
2007,2239,0.087
2007,2772,0.125
2007,1607,0.148
2007,2211,0.122
2007,1731,0.177
2007,200748,0.11
2007,2199,0.043
2007,2617,0.062
2007,2751,0.138
2007,1713,0.242
2007,2209,0.114
2007,101144,0.079
2007,1887,0.101
2007,200835,0.085
2007,2584,0.124
2007,201163,0.074
2007,200821,0.098
2007,2397,0.116
2007,201146,0.056
2007,2216,0.118
2007,2585,0.061
2007,980,0.082
2008,201166,0.201
2008,201189,0.098
2008,201151,0.257
2008,200747,0.101
2008,1502,0.028
2008,1733,0.068
2008,201143,0.119
2008,2744,0.082
2008,201154,0.068
2008,201169,0.064
2008,101165,0.091
2008,201582,0.032
2008,947,0.238
2008,2405,0.087
2008,101161,0.033
2008,2760,0.055
2008,101154,0.118
2008,2810,0.038
2008,2738,0.221
2008,1889,0.298
2008,200745,0.065
2008,1905,0.151
2008,2804,0.081
2008,101106,0.109
2008,101115,0.076
2008,2740,0.101
2008,1712,0.09
2008,1853,0.303
2008,1533,0.223
2008,201627,0.081
2008,1515,0.157
2008,201576,0.066
2008,101194,0.124
2008,201229,0.134
2008,101120,0.071
2008,1498,0.3
2008,686,0.073
2008,201167,0.055
2008,1506,0.161
2008,1884,0.365
2008,2732,0.156
2008,1112,0.045
2008,2757,0.237
2008,201336,0.2
2008,201628,0.214
2008,1517,0.16
2008,2250,0.081
2008,2564,0.208
2008,1802,0.173
2008,201148,0.047
2008,101138,0.045
2008,200750,0.243
2008,201575,0.056
2008,2217,0.073
2008,699,0.141
2008,1510,0.307
2008,2073,0.126
2008,2567,0.061
2008,2243,0.051
2008,1730,0.054
2008,201572,0.06
2008,1477,0.041
2008,201228,0.165
2008,101139,0.098
2008,1916,0.0
2008,201171,0.048
2008,2430,0.11
2008,2546,0.172
2008,2406,0.194
2008,201858,0.078
2008,200759,0.042
2008,101112,0.058
2008,2294,0.137
2008,101111,0.119
2008,1497,0.287
2008,200798,0.019
2008,2365,0.033
2008,2547,0.114
2008,201604,0.152
2008,2768,0.279
2008,2549,0.085
2008,2036,0.172
2008,101108,0.512
2008,200809,0.229
2008,2404,0.081
2008,101236,0.076
2008,1088,0.224
2008,201147,0.125
2008,1894,0.095
2008,201584,0.074
2008,201235,0.0
2008,200783,0.097
2008,1749,0.055
2008,201571,0.237
2008,2788,0.078
2008,201591,0.07
2008,201161,0.062
2008,2563,0.083
2008,2863,0.103
2008,1800,0.086
2008,2429,0.063
2008,200789,0.119
2008,201568,0.054
2008,101122,0.127
2008,2032,0.116
2008,2443,0.101
2008,2545,0.054
2008,201616,0.03
2008,201589,0.049
2008,101135,0.098
2008,2561,0.105
2008,201599,0.025
2008,201634,0.12
2008,2205,0.047
2008,2052,0.164
2008,200793,0.185
2008,2753,0.162
2008,201193,0.111
2008,965,0.146
2008,101114,0.457
2008,201565,0.283
2008,2824,0.054
2008,2046,0.065
2008,1904,0.031
2008,2484,0.112
2008,2734,0.332
2008,87,0.0
2008,1717,0.117
2008,201187,0.137
2008,201590,0.067
2008,200971,0.231
2008,923,0.12
2008,2748,0.061
2008,2400,0.069
2008,101204,0.0
2008,2730,0.072
2008,2548,0.377
2008,2248,0.335
2008,2109,0.44
2008,2067,0.109
2008,2201,0.0
2008,2059,0.11
2008,1882,0.07
2008,2731,0.034
2008,201569,0.137
2008,956,0.059
2008,2041,0.032
2008,101177,0.138
2008,2436,0.141
2008,1922,0.049
2008,101128,0.132
2008,2410,0.189
2008,201172,0.181
2008,201588,0.183
2008,101123,0.076
2008,2222,0.12
2008,2240,0.465
2008,201175,0.07
2008,201609,0.222
2008,255,0.107
2008,1761,0.103
2008,201141,0.038
2008,101124,0.06
2008,201632,0.114
2008,200801,0.03
2008,2045,0.223
2008,201611,0.107
2008,200756,0.045
2008,101113,0.03
2008,2137,0.083
2008,200826,0.272
2008,201592,0.0
2008,201581,0.023
2008,200755,0.105
2008,2747,0.172
2008,201580,0.035
2008,1521,0.316
2008,2063,0.043
2008,2048,0.047
2008,2037,0.177
2008,200081,0.07
2008,2749,0.292
2008,2592,0.049
2008,1899,0.065
2008,101189,0.031
2008,200778,0.25
2008,201162,0.072
2008,2407,0.088
2008,101127,0.184
2008,2260,0.058
2008,2553,0.05
2008,2215,0.042
2008,2078,0.268
2008,2574,0.093
2008,467,0.336
2008,101131,0.028
2008,2202,0.092
2008,1891,0.179
2008,201574,0.066
2008,201159,0.202
2008,101214,0.0
2008,1902,0.099
2008,201145,0.09
2008,200978,0.067
2008,979,0.105
2008,201176,0.016
2008,1744,0.0
2008,711,0.129
2008,201573,0.202
2008,201149,0.078
2008,201570,0.094
2008,201621,0.091
2008,2207,0.256
2008,693,0.063
2008,201202,0.038
2008,2038,0.021
2008,201595,0.5
2008,101121,0.051
2008,101130,0.047
2008,2422,0.143
2008,200770,0.194
2008,101181,0.403
2008,200767,0.052
2008,2572,0.082
2008,201177,0.091
2008,2694,0.06
2008,2746,0.116
2008,2413,0.232
2008,201153,0.094
2008,436,0.107
2008,2416,0.111
2008,2586,0.077
2008,101235,0.076
2008,2570,0.063
2008,1903,0.022
2008,2030,0.099
2008,201142,0.135
2008,708,0.137
2008,201567,0.07
2008,2755,0.121
2008,1563,0.218
2008,2039,0.224
2008,2550,0.225
2008,977,0.232
2008,201585,0.061
2008,2743,0.062
2008,703,0.074
2008,2198,0.05
2008,2594,0.116
2008,200768,0.268
2008,201602,0.128
2008,201178,0.041
2008,200746,0.091
2008,1885,0.126
2008,1716,0.13
2008,2544,0.365
2008,2571,0.153
2008,200796,0.065
2008,101132,0.06
2008,283,0.245
2008,2669,0.065
2008,953,0.038
2008,200811,0.038
2008,101150,0.227
2008,201601,0.064
2008,2449,0.083
2008,2557,0.288
2008,2575,0.204
2008,2736,0.09
2008,101129,0.196
2008,1766,0.051
2008,2124,0.099
2008,201612,0.14
2008,990,0.118
2008,1938,0.23
2008,201188,0.096
2008,101162,0.032
2008,201158,0.146
2008,2556,0.252
2008,948,0.107
2008,200766,0.342
2008,201173,0.0
2008,200776,0.193
2008,201596,0.231
2008,201238,0.107
2008,1548,0.034
2008,2058,0.044
2008,2060,0.196
2008,2605,0.106
2008,201578,0.044
2008,101110,0.0
2008,101107,0.064
2008,2440,0.139
2008,2588,0.064
2008,2679,0.078
2008,1723,0.072
2008,200772,0.071
2008,2230,0.047
2008,2246,0.078
2008,2408,0.087
2008,1897,0.162
2008,201563,0.078
2008,714,0.074
2008,2072,0.121
2008,1913,0.0
2008,2554,0.082
2008,1710,0.235
2008,201144,0.239
2008,2399,0.147
2008,2229,0.192
2008,2034,0.212
2008,201446,0.231
2008,1630,0.068
2008,2590,0.199
2008,101145,0.165
2008,201165,0.054
2008,2050,0.056
2008,200754,0.0
2008,101126,0.228
2008,201605,0.0
2008,1737,0.041
2008,2420,0.043
2008,2403,0.069
2008,2555,0.057
2008,201156,0.093
2008,201587,0.073
2008,201564,0.151
2008,200762,0.012
2008,201629,0.021
2008,200753,0.072
2008,2200,0.146
2008,200781,0.067
2008,200794,0.098
2008,1718,0.161
2008,978,0.056
2008,200822,0.032
2008,2047,0.093
2008,200763,0.135
2008,2624,0.065
2008,1747,0.271
2008,1952,0.095
2008,200765,0.377
2008,201196,0.346
2008,201043,0.032
2008,200751,0.197
2008,101119,0.117
2008,1740,0.121
2008,739,0.07
2008,1725,0.145
2008,2446,0.047
2008,951,0.121
2008,101109,0.306
2008,2501,0.035
2008,200764,0.068
2008,1888,0.235
2008,2210,0.117
2008,1729,0.169
2008,201633,0.072
2008,2741,0.037
2008,201577,0.019
2008,200760,0.038
2008,201155,0.26
2008,2427,0.109
2008,101146,0.285
2008,200758,0.105
2008,101179,0.221
2008,101142,0.143
2008,201579,0.077
2008,2767,0.081
2008,201164,0.133
2008,200752,0.085
2008,201566,0.273
2008,201583,0.065
2008,1763,0.067
2008,101155,0.087
2008,200797,0.024
2008,2223,0.013
2008,2562,0.107
2008,2756,0.13
2008,1752,0.028
2008,101118,0.068
2008,201606,0.174
2008,201157,0.054
2008,2742,0.254
2008,200771,0.365
2008,2203,0.098
2008,200769,0.139
2008,406,0.084
2008,2733,0.135
2008,101183,0.0
2008,1890,0.086
2008,200761,0.017
2008,200749,0.036
2008,200780,0.037
2008,201603,0.12
2008,2049,0.375
2008,201150,0.111
2008,101211,0.074
2008,1536,0.254
2008,950,0.274
2008,2581,0.243
2008,959,0.403
2008,200779,0.061
2008,201631,0.0
2008,2031,0.025
2008,201180,0.118
2008,2551,0.278
2008,200814,0.062
2008,2419,0.139
2008,200757,0.118
2008,201152,0.057
2008,689,0.024
2008,201242,0.042
2008,1495,0.188
2008,1501,0.087
2008,2754,0.133
2008,1499,0.044
2008,2225,0.371
2008,1503,0.256
2008,101143,0.242
2008,2566,0.066
2008,2239,0.073
2008,2772,0.106
2008,201234,0.0
2008,2211,0.103
2008,1731,0.206
2008,200748,0.057
2008,2199,0.023
2008,2617,0.051
2008,1713,0.23
2008,2209,0.087
2008,101144,0.1
2008,1887,0.086
2008,200835,0.055
2008,201594,0.0
2008,101198,0.343
2008,2226,0.32
2008,2584,0.137
2008,201163,0.098
2008,200821,0.053
2008,2397,0.096
2008,201146,0.07
2008,2216,0.106
2008,2585,0.062
2008,980,0.06
2009,201985,0.198
2009,201166,0.253
2009,201189,0.109
2009,201151,0.17
2009,200747,0.121
2009,1733,0.088
2009,201143,0.102
2009,2744,0.099
2009,201154,0.072
2009,201169,0.077
2009,201582,0.0
2009,947,0.209
2009,202087,0.071
2009,2405,0.047
2009,101161,0.05
2009,2760,0.062
2009,101154,0.138
2009,2738,0.238
2009,1889,0.296
2009,200745,0.053
2009,1905,0.143
2009,2804,0.077
2009,101106,0.101
2009,101115,0.055
2009,2740,0.105
2009,1712,0.058
2009,1853,0.264
2009,1533,0.249
2009,201627,0.075
2009,1515,0.095
2009,201576,0.089
2009,201229,0.084
2009,101120,0.075
2009,202079,0.0
2009,686,0.076
2009,201167,0.093
2009,201948,0.063
2009,1884,0.385
2009,2732,0.167
2009,1112,0.081
2009,2757,0.239
2009,201628,0.289
2009,2250,0.065
2009,2564,0.185
2009,1802,0.122
2009,101138,0.048
2009,201943,0.298
2009,200750,0.228
2009,201575,0.07
2009,2217,0.028
2009,2073,0.131
2009,2567,0.05
2009,2243,0.092
2009,1730,0.0
2009,201572,0.116
2009,201957,0.03
2009,201228,0.143
2009,101139,0.104
2009,201171,0.048
2009,2306,0.23
2009,2430,0.155
2009,2568,0.14
2009,2546,0.159
2009,2406,0.092
2009,201858,0.065
2009,202132,0.333
2009,101112,0.072
2009,2294,0.097
2009,101111,0.053
2009,201978,0.096
2009,1497,0.27
2009,2365,0.028
2009,2547,0.116
2009,201604,0.099
2009,2768,0.258
2009,201805,0.065
2009,2549,0.086
2009,101108,0.456
2009,200809,0.232
2009,201181,0.051
2009,2404,0.051
2009,101236,0.11
2009,1088,0.22
2009,201207,0.197
2009,201147,0.122
2009,1894,0.133
2009,201584,0.086
2009,200783,0.124
2009,201571,0.232
2009,2788,0.037
2009,201591,0.069
2009,201969,0.07
2009,201161,0.109
2009,2563,0.133
2009,2863,0.126
2009,2429,0.061
2009,200789,0.104
2009,201568,0.077
2009,101122,0.134
2009,201980,0.074
2009,201967,0.032
2009,2443,0.081
2009,2545,0.105
2009,201616,0.056
2009,201589,0.052
2009,201954,0.323
2009,2431,0.084
2009,101135,0.172
2009,2561,0.135
2009,201599,0.029
2009,201971,0.07
2009,201942,0.048
2009,201960,0.059
2009,2205,0.028
2009,2052,0.09
2009,2753,0.21
2009,965,0.125
2009,101114,0.429
2009,201974,0.061
2009,201565,0.297
2009,2046,0.051
2009,1904,0.057
2009,2484,0.095
2009,2734,0.332
2009,1717,0.128
2009,201187,0.059
2009,201590,0.067
2009,2748,0.102
2009,2400,0.045
2009,101204,0.0
2009,2730,0.087
2009,2548,0.334
2009,2853,0.05
2009,1863,0.269
2009,201947,0.093
2009,2248,0.257
2009,2067,0.115
2009,2201,0.0
2009,2059,0.061
2009,1882,0.078
2009,2731,0.035
2009,201569,0.135
2009,201953,0.339
2009,956,0.035
2009,101141,0.072
2009,2041,0.005
2009,101177,0.112
2009,2436,0.141
2009,1922,0.049
2009,101128,0.119
2009,202066,0.104
2009,201588,0.154
2009,201945,0.071
2009,2222,0.09
2009,2240,0.351
2009,201175,0.064
2009,201609,0.264
2009,255,0.111
2009,201141,0.066
2009,101124,0.058
2009,201632,0.064
2009,201934,0.018
2009,2045,0.199
2009,201611,0.079
2009,200756,0.095
2009,101133,0.024
2009,2137,0.091
2009,200826,0.269
2009,201592,0.096
2009,201581,0.037
2009,200755,0.143
2009,2747,0.149
2009,201580,0.024
2009,2048,0.005
2009,2224,0.251
2009,2037,0.163
2009,200081,0.073
2009,2749,0.323
2009,201935,0.13
2009,201949,0.104
2009,2592,0.056
2009,1899,0.096
2009,101189,0.051
2009,201191,0.0
2009,2457,0.182
2009,201162,0.082
2009,2407,0.08
2009,101127,0.277
2009,2260,0.031
2009,2553,0.064
2009,2215,0.053
2009,2078,0.353
2009,2574,0.063
2009,467,0.361
2009,101131,0.04
2009,2202,0.085
2009,201160,0.076
2009,1891,0.194
2009,201574,0.084
2009,1715,0.265
2009,101214,0.073
2009,201965,0.004
2009,1902,0.118
2009,201145,0.071
2009,201952,0.258
2009,979,0.078
2009,201966,0.096
2009,711,0.133
2009,201573,0.226
2009,201149,0.107
2009,201975,0.08
2009,201570,0.091
2009,2207,0.216
2009,693,0.055
2009,201202,0.014
2009,2038,0.019
2009,201595,0.025
2009,101121,0.046
2009,101130,0.045
2009,2422,0.132
2009,201972,0.049
2009,201973,0.041
2009,1886,0.094
2009,201938,0.245
2009,200770,0.139
2009,201941,0.052
2009,101181,0.334
2009,200767,0.047
2009,2572,0.086
2009,201177,0.124
2009,2694,0.097
2009,2746,0.187
2009,201950,0.239
2009,201153,0.066
2009,436,0.062
2009,2416,0.105
2009,2586,0.086
2009,101235,0.07
2009,2570,0.057
2009,1903,0.064
2009,2030,0.087
2009,201142,0.13
2009,708,0.148
2009,201567,0.127
2009,2755,0.113
2009,1563,0.12
2009,2039,0.248
2009,2550,0.203
2009,977,0.23
2009,201585,0.057
2009,2743,0.046
2009,703,0.069
2009,2198,0.056
2009,2594,0.137
2009,200768,0.281
2009,201602,0.112
2009,201178,0.055
2009,200746,0.099
2009,1885,0.159
2009,1716,0.196
2009,2544,0.398
2009,2571,0.125
2009,200796,0.0
2009,201991,0.155
2009,283,0.105
2009,200811,0.04
2009,101150,0.219
2009,201601,0.067
2009,2449,0.11
2009,2557,0.314
2009,2575,0.223
2009,2736,0.088
2009,101129,0.142
2009,2124,0.055
2009,201612,0.075
2009,1938,0.273
2009,201188,0.1
2009,101162,0.024
2009,201158,0.119
2009,2556,0.215
2009,948,0.119
2009,2409,0.0
2009,202068,0.0
2009,201977,0.103
2009,200766,0.274
2009,200776,0.151
2009,201596,0.217
2009,201238,0.092
2009,2605,0.111
2009,201578,0.062
2009,101110,0.05
2009,101107,0.056
2009,2440,0.097
2009,2588,0.09
2009,2679,0.082
2009,2230,0.056
2009,2246,0.085
2009,1897,0.132
2009,201563,0.076
2009,714,0.09
2009,2072,0.143
2009,2554,0.048
2009,1710,0.204
2009,201144,0.245
2009,2399,0.112
2009,200839,0.063
2009,2229,0.192
2009,2034,0.178
2009,2366,0.143
2009,1630,0.131
2009,2590,0.247
2009,101145,0.216
2009,2050,0.059
2009,101126,0.249
2009,201605,0.09
2009,1737,0.049
2009,2420,0.046
2009,2403,0.114
2009,2555,0.038
2009,201156,0.055
2009,201587,0.073
2009,201564,0.12
2009,200762,0.04
2009,201802,0.182
2009,201956,0.076
2009,201629,0.0
2009,201785,0.021
2009,200753,0.033
2009,201988,0.25
2009,2200,0.147
2009,200781,0.75
2009,200794,0.09
2009,1718,0.15
2009,978,0.072
2009,200822,0.041
2009,2056,0.018
2009,2047,0.067
2009,2624,0.033
2009,1747,0.2
2009,1952,0.124
2009,200765,0.425
2009,201196,0.236
2009,201043,0.027
2009,200751,0.234
2009,1740,0.075
2009,739,0.076
2009,1725,0.091
2009,2446,0.067
2009,951,0.118
2009,101109,0.283
2009,2501,0.038
2009,202130,0.125
2009,200764,0.108
2009,1888,0.229
2009,2210,0.097
2009,1729,0.128
2009,201577,0.01
2009,200760,0.07
2009,201155,0.246
2009,201958,0.162
2009,2427,0.14
2009,101146,0.185
2009,200758,0.13
2009,101179,0.236
2009,101142,0.139
2009,201579,0.13
2009,2767,0.127
2009,201164,0.146
2009,200752,0.076
2009,201566,0.367
2009,201583,0.069
2009,1763,0.0
2009,101155,0.087
2009,200797,0.066
2009,201970,0.068
2009,2223,0.047
2009,2562,0.105
2009,2756,0.113
2009,1752,0.037
2009,101118,0.083
2009,201157,0.007
2009,2742,0.313
2009,201586,0.013
2009,200771,0.307
2009,2203,0.111
2009,200769,0.105
2009,406,0.11
2009,2733,0.246
2009,101183,0.031
2009,1890,0.069
2009,200749,0.058
2009,200780,0.077
2009,201603,0.11
2009,201150,0.132
2009,201939,0.241
2009,101211,0.054
2009,1536,0.17
2009,2581,0.272
2009,959,0.483
2009,200779,0.025
2009,2212,0.0
2009,202178,0.289
2009,2551,0.254
2009,201959,0.049
2009,201981,0.056
2009,2419,0.165
2009,201944,0.224
2009,200757,0.088
2009,201152,0.075
2009,689,0.047
2009,1495,0.175
2009,1501,0.076
2009,201962,0.167
2009,2754,0.141
2009,1499,0.042
2009,2225,0.304
2009,1503,0.22
2009,101143,0.222
2009,2566,0.082
2009,2239,0.077
2009,2772,0.164
2009,201821,0.0
2009,2211,0.108
2009,201951,0.233
2009,201946,0.097
2009,201936,0.268
2009,200748,0.081
2009,2199,0.023
2009,2617,0.042
2009,1713,0.177
2009,2209,0.073
2009,201961,0.085
2009,202083,0.09
2009,101198,0.284
2009,101215,0.304
2009,2584,0.164
2009,201163,0.096
2009,200821,0.091
2009,201146,0.048
2009,2216,0.08
2009,2585,0.058
2009,980,0.058
2010,201985,0.233
2010,201166,0.289
2010,201189,0.044
2010,201151,0.182
2010,1733,0.096
2010,201143,0.169
2010,2744,0.09
2010,201154,0.072
2010,202329,0.067
2010,201582,0.049
2010,202087,0.056
2010,2405,0.128
2010,101161,0.064
2010,2760,0.074
2010,101154,0.115
2010,2738,0.261
2010,1889,0.348
2010,200745,0.086
2010,1905,0.145
2010,2804,0.076
2010,101106,0.103
2010,101115,0.079
2010,2740,0.06
2010,202360,0.25
2010,1712,0.092
2010,1853,0.234
2010,201627,0.063
2010,1515,0.164
2010,201576,0.103
2010,201229,0.09
2010,101120,0.0
2010,1498,0.08
2010,686,0.093
2010,202356,0.3
2010,201167,0.109
2010,201948,0.085
2010,202340,0.135
2010,1884,0.388
2010,2732,0.129
2010,202386,0.278
2010,1112,0.086
2010,2757,0.219
2010,201933,0.184
2010,2250,0.182
2010,2564,0.203
2010,1802,0.22
2010,201148,0.053
2010,101138,0.051
2010,201943,0.261
2010,200750,0.168
2010,201575,0.058
2010,2217,0.022
2010,2073,0.097
2010,2567,0.057
2010,2243,0.098
2010,1730,0.0
2010,201572,0.087
2010,201957,0.0
2010,201228,0.303
2010,101139,0.118
2010,201171,0.052
2010,2306,0.16
2010,2430,0.137
2010,2568,0.123
2010,2546,0.149
2010,2406,0.091
2010,201858,0.05
2010,101112,0.056
2010,2294,0.113
2010,101111,0.05
2010,201978,0.113
2010,1497,0.266
2010,2365,0.043
2010,2547,0.086
2010,201604,0.098
2010,2768,0.251
2010,202419,0.037
2010,2549,0.1
2010,101108,0.441
2010,200809,0.236
2010,2404,0.068
2010,201963,0.061
2010,101236,0.14
2010,202332,0.041
2010,201147,0.09
2010,1894,0.111
2010,201584,0.092
2010,202342,0.05
2010,200783,0.095
2010,201571,0.306
2010,2788,0.032
2010,201591,0.051
2010,201969,0.017
2010,201161,0.055
2010,2563,0.103
2010,2863,0.099
2010,202345,0.082
2010,2429,0.046
2010,200789,0.185
2010,201568,0.074
2010,101122,0.128
2010,201980,0.039
2010,201967,0.044
2010,2443,0.044
2010,2545,0.099
2010,201616,0.048
2010,201589,0.056
2010,201954,0.28
2010,2431,0.054
2010,101135,0.136
2010,2561,0.126
2010,201599,0.031
2010,201971,0.067
2010,201942,0.085
2010,202326,0.149
2010,201960,0.103
2010,2205,0.063
2010,2052,0.101
2010,2753,0.268
2010,965,0.134
2010,101114,0.448
2010,201974,0.093
2010,202382,0.054
2010,202324,0.044
2010,201565,0.372
2010,202365,0.033
2010,2734,0.373
2010,202354,0.0
2010,1717,0.136
2010,201187,0.092
2010,202346,0.241
2010,201590,0.066
2010,2748,0.114
2010,2400,0.108
2010,2730,0.067
2010,2548,0.223
2010,2853,0.054
2010,1863,0.301
2010,201947,0.035
2010,2248,0.26
2010,202334,0.039
2010,2067,0.104
2010,2059,0.089
2010,202327,0.051
2010,1882,0.07
2010,2731,0.029
2010,202339,0.254
2010,201569,0.197
2010,201953,0.313
2010,956,0.039
2010,101141,0.064
2010,2041,0.05
2010,202323,0.137
2010,101177,0.0
2010,1922,0.09
2010,101128,0.079
2010,202371,0.0
2010,202081,0.041
2010,202066,0.209
2010,201814,0.094
2010,202390,0.094
2010,201588,0.142
2010,201945,0.106
2010,2222,0.108
2010,2240,0.256
2010,201175,0.069
2010,201609,0.291
2010,202330,0.106
2010,255,0.126
2010,202328,0.075
2010,202349,0.266
2010,101124,0.081
2010,202380,0.0
2010,201632,0.042
2010,201934,0.015
2010,202355,0.0
2010,2045,0.207
2010,201611,0.069
2010,200756,0.046
2010,101133,0.025
2010,101113,0.008
2010,2137,0.153
2010,202397,0.268
2010,200826,0.314
2010,201581,0.075
2010,200755,0.11
2010,2747,0.141
2010,201580,0.027
2010,2048,0.031
2010,2037,0.178
2010,200081,0.074
2010,2749,0.324
2010,202341,0.103
2010,201935,0.136
2010,201949,0.161
2010,2592,0.043
2010,1899,0.068
2010,201162,0.078
2010,2407,0.079
2010,101127,0.251
2010,2260,0.018
2010,2215,0.051
2010,2574,0.043
2010,467,0.357
2010,101131,0.028
2010,2202,0.087
2010,201160,0.055
2010,1891,0.223
2010,201574,0.078
2010,1715,0.244
2010,101214,0.093
2010,202399,0.075
2010,1902,0.073
2010,201145,0.075
2010,201952,0.236
2010,202379,0.09
2010,202391,0.207
2010,979,0.046
2010,201966,0.105
2010,711,0.1
2010,201573,0.294
2010,201149,0.105
2010,201975,0.056
2010,2207,0.23
2010,693,0.093
2010,201202,0.024
2010,2038,0.038
2010,201595,0.078
2010,101121,0.054
2010,101130,0.088
2010,101249,0.167
2010,2422,0.179
2010,202322,0.357
2010,201972,0.041
2010,201938,0.284
2010,202348,0.197
2010,200770,0.341
2010,201941,0.043
2010,101181,0.412
2010,2735,0.072
2010,2572,0.095
2010,201177,0.143
2010,2694,0.059
2010,2746,0.168
2010,201950,0.282
2010,201153,0.11
2010,436,0.062
2010,2586,0.098
2010,2570,0.052
2010,2030,0.13
2010,201142,0.127
2010,708,0.127
2010,201567,0.116
2010,2755,0.128
2010,202338,0.025
2010,2039,0.226
2010,2550,0.221
2010,977,0.258
2010,201585,0.025
2010,2743,0.069
2010,703,0.074
2010,2198,0.041
2010,2594,0.121
2010,200768,0.289
2010,201602,0.212
2010,201178,0.063
2010,200746,0.099
2010,1885,0.154
2010,202362,0.309
2010,202361,0.087
2010,202082,0.089
2010,202336,0.033
2010,202351,0.107
2010,2544,0.343
2010,2571,0.147
2010,200796,0.038
2010,201991,0.447
2010,101132,0.06
2010,200811,0.039
2010,101150,0.248
2010,201601,0.054
2010,2449,0.131
2010,202337,0.077
2010,202376,0.078
2010,2557,0.274
2010,2575,0.183
2010,2736,0.119
2010,101129,0.194
2010,2124,0.036
2010,202412,0.153
2010,1938,0.249
2010,201188,0.117
2010,101162,0.057
2010,201158,0.077
2010,2556,0.188
2010,948,0.114
2010,202408,0.0
2010,201977,0.133
2010,201596,0.172
2010,201238,0.123
2010,2605,0.113
2010,201578,0.069
2010,101110,0.079
2010,101107,0.076
2010,2440,0.112
2010,2588,0.063
2010,2679,0.068
2010,200772,0.063
2010,2230,0.046
2010,2246,0.179
2010,2408,0.052
2010,1897,0.103
2010,201563,0.118
2010,2072,0.132
2010,2554,0.052
2010,1710,0.173
2010,201144,0.273
2010,2399,0.097
2010,200839,0.071
2010,2034,0.096
2010,2590,0.361
2010,101145,0.234
2010,2050,0.053
2010,201203,0.258
2010,101126,0.183
2010,1737,0.031
2010,2420,0.027
2010,2403,0.104
2010,2555,0.068
2010,201156,0.066
2010,201587,0.08
2010,201593,0.052
2010,201564,0.116
2010,201600,0.049
2010,201956,0.063
2010,101158,0.167
2010,201785,0.088
2010,202377,0.222
2010,201607,0.167
2010,202335,0.078
2010,201988,0.261
2010,2200,0.148
2010,202331,0.082
2010,200794,0.121
2010,1718,0.152
2010,978,0.069
2010,200817,0.281
2010,200822,0.08
2010,2047,0.064
2010,202347,0.064
2010,2624,0.045
2010,1952,0.083
2010,200765,0.448
2010,201196,0.351
2010,200751,0.18
2010,1740,0.082
2010,2446,0.059
2010,951,0.122
2010,101109,0.347
2010,2501,0.07
2010,202130,0.118
2010,200764,0.047
2010,1888,0.199
2010,2210,0.064
2010,201577,0.012
2010,200760,0.054
2010,201155,0.27
2010,201958,0.213
2010,2427,0.099
2010,2648,0.125
2010,200758,0.126
2010,101179,0.123
2010,101142,0.122
2010,201579,0.123
2010,2767,0.077
2010,201164,0.171
2010,200752,0.116
2010,201566,0.422
2010,201583,0.061
2010,101155,0.084
2010,200797,0.035
2010,201970,0.069
2010,202396,0.043
2010,2223,0.054
2010,2562,0.072
2010,2756,0.134
2010,1752,0.033
2010,2742,0.246
2010,201623,0.054
2010,201586,0.016
2010,2203,0.109
2010,200769,0.107
2010,406,0.051
2010,2733,0.241
2010,1890,0.084
2010,200761,0.054
2010,200749,0.053
2010,202395,0.19
2010,202374,0.051
2010,200780,0.094
2010,201603,0.12
2010,201150,0.112
2010,201939,0.268
2010,101211,0.066
2010,1536,0.184
2010,2581,0.157
2010,959,0.498
2010,200779,0.025
2010,202178,0.232
2010,2551,0.308
2010,201959,0.054
2010,2419,0.142
2010,201944,0.244
2010,200757,0.076
2010,201152,0.067
2010,689,0.06
2010,201168,0.06
2010,1495,0.15
2010,202389,0.045
2010,201962,0.202
2010,2754,0.113
2010,1499,0.055
2010,2225,0.345
2010,1503,0.244
2010,2566,0.059
2010,2772,0.099
2010,202344,0.051
2010,201234,0.19
2010,2211,0.088
2010,201951,0.272
2010,201946,0.047
2010,201936,0.255
2010,200748,0.064
2010,2199,0.024
2010,2617,0.029
2010,1713,0.116
2010,2209,0.096
2010,101144,0.111
2010,201961,0.098
2010,202325,0.108
2010,202083,0.101
2010,101198,0.289
2010,2584,0.08
2010,202378,0.307
2010,201163,0.079
2010,202333,0.054
2010,2397,0.077
2010,201146,0.036
2010,202220,0.295
2010,2216,0.1
2010,2585,0.074
2010,980,0.033
2011,201985,0.264
2011,201189,0.055
2011,1733,0.083
2011,201143,0.113
2011,2744,0.113
2011,202329,0.074
2011,101187,0.1
2011,202692,0.1
2011,202087,0.109
2011,2405,0.063
2011,101161,0.085
2011,2760,0.086
2011,101154,0.076
2011,2765,0.036
2011,2738,0.241
2011,1889,0.365
2011,200745,0.113
2011,2804,0.033
2011,101106,0.148
2011,101115,0.074
2011,202726,0.085
2011,2740,0.029
2011,1712,0.11
2011,1853,0.296
2011,201627,0.065
2011,1515,0.144
2011,201576,0.066
2011,201229,0.04
2011,202356,0.167
2011,201167,0.115
2011,201948,0.1
2011,202340,0.109
2011,1884,0.347
2011,2732,0.172
2011,202386,0.28
2011,1112,0.073
2011,2757,0.317
2011,202687,0.032
2011,201336,0.063
2011,201933,0.156
2011,2250,0.039
2011,2564,0.224
2011,1802,0.255
2011,201148,0.029
2011,101138,0.05
2011,201943,0.264
2011,202688,0.202
2011,201575,0.081
2011,2217,0.025
2011,2073,0.094
2011,2567,0.056
2011,2243,0.195
2011,1730,0.0
2011,201572,0.094
2011,201957,0.073
2011,201228,0.283
2011,101139,0.096
2011,201171,0.071
2011,201291,0.314
2011,2430,0.112
2011,2568,0.118
2011,2546,0.209
2011,2406,0.065
2011,201858,0.041
2011,202718,0.114
2011,101112,0.077
2011,202724,0.306
2011,101111,0.067
2011,201978,0.093
2011,1497,0.21
2011,2365,0.019
2011,2547,0.086
2011,2768,0.208
2011,202419,0.017
2011,2549,0.134
2011,101108,0.413
2011,202698,0.051
2011,2404,0.042
2011,202874,0.035
2011,201963,0.093
2011,101236,0.109
2011,202332,0.034
2011,201147,0.103
2011,1894,0.082
2011,202809,0.159
2011,202709,0.189
2011,202622,0.222
2011,201584,0.079
2011,202342,0.174
2011,200783,0.067
2011,201571,0.37
2011,202810,0.088
2011,201591,0.08
2011,201969,0.083
2011,201161,0.024
2011,2563,0.106
2011,2863,0.079
2011,202345,0.032
2011,2429,0.0
2011,200789,0.136
2011,202350,0.047
2011,201568,0.131
2011,101122,0.091
2011,201980,0.086
2011,201967,0.054
2011,202359,0.25
2011,202721,0.221
2011,2545,0.062
2011,201954,0.239
2011,201208,0.065
2011,101135,0.132
2011,2561,0.123
2011,201599,0.014
2011,202732,0.091
2011,201971,0.091
2011,201942,0.105
2011,202326,0.092
2011,201960,0.078
2011,2205,0.124
2011,2052,0.068
2011,2753,0.229
2011,202862,0.0
2011,965,0.17
2011,101114,0.458
2011,201974,0.086
2011,201182,0.04
2011,202324,0.053
2011,201565,0.379
2011,202682,0.046
2011,202365,0.043
2011,2734,0.271
2011,202354,0.049
2011,1717,0.119
2011,201187,0.146
2011,202346,0.298
2011,202388,0.29
2011,201590,0.069
2011,2748,0.085
2011,2400,0.162
2011,2730,0.098
2011,2548,0.251
2011,202734,0.188
2011,2853,0.0
2011,1863,0.274
2011,201947,0.059
2011,2248,0.306
2011,202334,0.068
2011,2201,0.026
2011,2059,0.072
2011,202775,0.036
2011,202327,0.064
2011,202343,0.077
2011,1882,0.092
2011,2731,0.055
2011,202683,0.016
2011,202339,0.228
2011,201286,0.0
2011,201569,0.172
2011,201953,0.256
2011,956,0.061
2011,101141,0.069
2011,202323,0.164
2011,1922,0.111
2011,101128,0.061
2011,201814,0.144
2011,202390,0.15
2011,201588,0.194
2011,101123,0.077
2011,201945,0.13
2011,2222,0.129
2011,2240,0.137
2011,201175,0.062
2011,201609,0.316
2011,202330,0.155
2011,255,0.116
2011,202328,0.13
2011,202962,0.026
2011,201880,0.061
2011,202349,0.349
2011,202970,0.109
2011,101124,0.111
2011,202380,0.0
2011,201632,0.064
2011,201934,0.0
2011,202355,0.0
2011,2045,0.226
2011,201611,0.101
2011,101133,0.018
2011,101113,0.0
2011,202697,0.152
2011,202738,0.246
2011,202397,0.328
2011,201274,0.059
2011,200826,0.397
2011,201581,0.062
2011,200755,0.166
2011,2747,0.155
2011,202707,0.04
2011,201580,0.035
2011,2048,0.023
2011,2224,0.361
2011,2037,0.209
2011,200081,0.096
2011,2749,0.309
2011,202341,0.094
2011,201935,0.19
2011,201949,0.138
2011,2592,0.045
2011,101189,0.091
2011,202686,0.067
2011,2457,0.261
2011,201162,0.084
2011,2407,0.058
2011,101127,0.342
2011,2215,0.049
2011,2574,0.062
2011,467,0.281
2011,101131,0.045
2011,2202,0.112
2011,201160,0.066
2011,1891,0.204
2011,201574,0.07
2011,202399,0.034
2011,201965,0.063
2011,202880,0.0
2011,1902,0.051
2011,201952,0.231
2011,202379,0.099
2011,202391,0.382
2011,202951,0.23
2011,202719,0.044
2011,979,0.029
2011,202406,0.202
2011,202366,0.051
2011,202536,0.154
2011,711,0.092
2011,201573,0.305
2011,202690,0.155
2011,202710,0.061
2011,201149,0.122
2011,201975,0.049
2011,2207,0.189
2011,201202,0.009
2011,2038,0.019
2011,101130,0.085
2011,101249,0.278
2011,2422,0.117
2011,202322,0.362
2011,201972,0.054
2011,202720,0.072
2011,201973,0.053
2011,201938,0.368
2011,202348,0.188
2011,200770,0.299
2011,202706,0.114
2011,201941,0.044
2011,202716,0.027
2011,101181,0.427
2011,2735,0.105
2011,2668,0.077
2011,202725,0.033
2011,2572,0.081
2011,201177,0.106
2011,202729,0.197
2011,2746,0.196
2011,201950,0.215
2011,202933,0.257
2011,202458,0.256
2011,202712,0.047
2011,436,0.098
2011,202695,0.066
2011,202728,0.0
2011,2586,0.058
2011,101235,0.0
2011,202689,0.307
2011,2570,0.064
2011,202702,0.055
2011,2030,0.031
2011,201142,0.17
2011,708,0.171
2011,201567,0.098
2011,2755,0.146
2011,202338,0.048
2011,2039,0.138
2011,2550,0.162
2011,202691,0.142
2011,977,0.237
2011,201585,0.028
2011,2743,0.073
2011,703,0.092
2011,2198,0.034
2011,2594,0.119
2011,200768,0.324
2011,202681,0.324
2011,201178,0.1
2011,200746,0.128
2011,1885,0.136
2011,202362,0.174
2011,202498,0.033
2011,202361,0.141
2011,1716,0.13
2011,202082,0.095
2011,202336,0.079
2011,202730,0.089
2011,202351,0.054
2011,2544,0.318
2011,2571,0.135
2011,201991,0.209
2011,101132,0.081
2011,200811,0.033
2011,101150,0.221
2011,201601,0.044
2011,2449,0.118
2011,202337,0.052
2011,202376,0.045
2011,2557,0.237
2011,2575,0.161
2011,2736,0.117
2011,202723,0.221
2011,202952,0.083
2011,202412,0.13
2011,1938,0.27
2011,202705,0.147
2011,201188,0.138
2011,101162,0.045
2011,201158,0.088
2011,948,0.113
2011,202694,0.042
2011,201977,0.091
2011,201596,0.183
2011,202693,0.087
2011,2605,0.165
2011,201578,0.059
2011,101110,0.052
2011,101107,0.078
2011,2440,0.136
2011,2588,0.064
2011,2679,0.108
2011,2230,0.04
2011,2246,0.119
2011,1897,0.127
2011,201563,0.077
2011,2072,0.078
2011,2554,0.045
2011,202148,0.03
2011,1710,0.227
2011,201144,0.289
2011,2399,0.132
2011,2229,0.363
2011,2034,0.086
2011,1630,0.06
2011,2590,0.196
2011,101145,0.277
2011,201165,0.039
2011,202814,0.119
2011,101126,0.317
2011,1737,0.032
2011,2403,0.123
2011,2555,0.093
2011,201156,0.057
2011,201587,0.079
2011,201593,0.043
2011,202696,0.063
2011,202701,0.196
2011,202708,0.183
2011,201564,0.164
2011,201600,0.053
2011,201956,0.084
2011,202335,0.059
2011,201988,0.244
2011,2200,0.17
2011,202331,0.133
2011,200794,0.12
2011,1718,0.233
2011,2047,0.079
2011,202347,0.041
2011,1952,0.069
2011,200765,0.498
2011,201196,0.353
2011,200751,0.143
2011,1740,0.059
2011,2446,0.075
2011,951,0.116
2011,101109,0.32
2011,2501,0.035
2011,202704,0.243
2011,202130,0.154
2011,200764,0.075
2011,1888,0.19
2011,2210,0.077
2011,201937,0.38
2011,201577,0.039
2011,201155,0.219
2011,201958,0.217
2011,2427,0.114
2011,200758,0.128
2011,101179,0.211
2011,101142,0.059
2011,201579,0.093
2011,2767,0.043
2011,201164,0.163
2011,200752,0.108
2011,201566,0.284
2011,201583,0.047
2011,101155,0.045
2011,200797,0.029
2011,202385,0.0
2011,201970,0.066
2011,202396,0.046
2011,2223,0.036
2011,2562,0.058
2011,201157,0.074
2011,2742,0.285
2011,201623,0.049
2011,201586,0.024
2011,2203,0.083
2011,200769,0.083
2011,2733,0.174
2011,1890,0.115
2011,200761,0.053
2011,200749,0.044
2011,202714,0.271
2011,202374,0.041
2011,200780,0.056
2011,201150,0.169
2011,201939,0.295
2011,1536,0.151
2011,2581,0.216
2011,959,0.491
2011,200779,0.02
2011,202178,0.278
2011,2551,0.349
2011,201959,0.065
2011,2419,0.127
2011,202227,0.138
2011,201944,0.206
2011,200757,0.073
2011,201152,0.07
2011,201168,0.094
2011,1495,0.137
2011,202389,0.049
2011,202699,0.075
2011,201962,0.205
2011,2754,0.083
2011,1499,0.08
2011,2225,0.404
2011,1503,0.221
2011,202727,0.227
2011,2566,0.047
2011,2772,0.164
2011,202344,0.051
2011,201234,0.121
2011,202717,0.05
2011,202684,0.035
2011,2211,0.081
2011,201951,0.303
2011,201946,0.038
2011,202715,0.106
2011,201936,0.219
2011,200748,0.059
2011,2199,0.044
2011,2617,0.043
2011,202731,0.057
2011,1713,0.143
2011,2209,0.115
2011,101144,0.122
2011,201041,0.271
2011,201961,0.057
2011,202325,0.062
2011,202083,0.083
2011,101198,0.241
2011,2584,0.083
2011,201163,0.113
2011,202333,0.081
2011,202918,0.158
2011,201146,0.047
2011,2216,0.108
2011,2585,0.074
2012,201985,0.273
2012,201166,0.19
2012,201189,0.103
2012,1733,0.141
2012,201143,0.149
2012,2744,0.119
2012,202329,0.076
2012,101187,0.125
2012,202692,0.127
2012,203144,0.248
2012,202087,0.081
2012,2405,0.037
2012,101161,0.085
2012,2760,0.157
2012,101154,0.108
2012,203083,0.04
2012,2738,0.224
2012,1889,0.326
2012,200745,0.064
2012,1905,0.144
2012,101106,0.121
2012,202726,0.0
2012,203094,0.062
2012,2740,0.039
2012,1712,0.051
2012,203076,0.06
2012,201627,0.058
2012,201576,0.054
2012,201229,0.052
2012,203102,0.031
2012,203382,0.053
2012,201167,0.146
2012,201948,0.093
2012,203085,0.142
2012,202340,0.115
2012,2732,0.18
2012,203162,0.202
2012,2757,0.329
2012,203108,0.02
2012,202687,0.025
2012,201933,0.192
2012,2564,0.152
2012,203078,0.136
2012,201148,0.054
2012,101138,0.06
2012,201943,0.296
2012,202688,0.216
2012,200750,0.267
2012,201575,0.154
2012,2217,0.04
2012,203148,0.301
2012,201572,0.061
2012,201957,0.102
2012,201228,0.178
2012,101139,0.083
2012,201171,0.056
2012,2430,0.132
2012,2568,0.125
2012,2546,0.137
2012,2406,0.063
2012,201858,0.049
2012,202718,0.157
2012,202724,0.167
2012,101111,0.082
2012,201978,0.08
2012,1497,0.168
2012,2365,0.045
2012,2547,0.081
2012,203142,0.055
2012,201604,0.103
2012,2768,0.236
2012,202419,0.042
2012,203187,0.025
2012,2549,0.066
2012,101108,0.443
2012,200809,0.155
2012,202698,0.065
2012,2404,0.041
2012,203203,0.0
2012,101236,0.135
2012,202332,0.032
2012,201147,0.097
2012,1894,0.121
2012,202809,0.278
2012,202709,0.199
2012,201584,0.116
2012,201571,0.242
2012,201591,0.07
2012,201969,0.25
2012,201161,0.072
2012,2563,0.07
2012,203081,0.28
2012,2863,0.134
2012,202345,0.0
2012,200789,0.147
2012,202350,0.062
2012,201568,0.113
2012,101122,0.079
2012,201980,0.095
2012,201967,0.056
2012,203130,0.333
2012,203121,0.1
2012,202721,0.175
2012,2545,0.0
2012,201589,0.06
2012,201954,0.264
2012,101135,0.158
2012,2561,0.157
2012,201599,0.02
2012,202732,0.077
2012,201971,0.084
2012,201942,0.12
2012,202326,0.154
2012,201960,0.085
2012,203199,0.03
2012,2205,0.087
2012,2052,0.063
2012,965,0.117
2012,101114,0.364
2012,202324,0.071
2012,202682,0.044
2012,202365,0.094
2012,2734,0.215
2012,202354,0.0
2012,203197,0.352
2012,203079,0.178
2012,1717,0.132
2012,201187,0.08
2012,202346,0.403
2012,202388,0.284
2012,202700,0.091
2012,2748,0.138
2012,203117,0.085
2012,203110,0.076
2012,2400,0.065
2012,2730,0.068
2012,2548,0.248
2012,202734,0.195
2012,2853,0.054
2012,201947,0.073
2012,2248,0.326
2012,202334,0.066
2012,2201,0.0
2012,202327,0.049
2012,1882,0.072
2012,2731,0.077
2012,202683,0.05
2012,202339,0.249
2012,201569,0.183
2012,201953,0.295
2012,101141,0.092
2012,203095,0.153
2012,202323,0.192
2012,203097,0.0
2012,203105,0.028
2012,101128,0.095
2012,202066,0.151
2012,202390,0.137
2012,201588,0.22
2012,101123,0.087
2012,201945,0.152
2012,2222,0.131
2012,201175,0.115
2012,201609,0.344
2012,202330,0.163
2012,255,0.09
2012,202328,0.189
2012,202962,0.036
2012,201880,0.04
2012,202349,0.432
2012,202970,0.142
2012,101124,0.091
2012,201632,0.058
2012,203084,0.072
2012,201934,0.021
2012,2045,0.2
2012,203156,0.0
2012,101133,0.038
2012,202697,0.12
2012,202738,0.243
2012,202397,0.256
2012,201274,0.079
2012,200826,0.301
2012,201581,0.065
2012,200755,0.193
2012,2747,0.147
2012,201580,0.027
2012,203109,0.103
2012,2224,0.354
2012,2037,0.148
2012,2749,0.326
2012,202341,0.144
2012,201935,0.257
2012,201949,0.11
2012,2592,0.11
2012,200778,0.107
2012,202686,0.069
2012,2457,0.233
2012,203099,0.111
2012,201162,0.147
2012,2407,0.058
2012,203096,0.062
2012,101127,0.3
2012,202363,0.107
2012,2215,0.029
2012,467,0.178
2012,101131,0.049
2012,2202,0.081
2012,201160,0.072
2012,1891,0.152
2012,201574,0.059
2012,202399,0.082
2012,201965,0.068
2012,201145,0.1
2012,201952,0.348
2012,203106,0.072
2012,202379,0.076
2012,203087,0.063
2012,202391,0.29
2012,202951,0.254
2012,202719,0.028
2012,979,0.074
2012,711,0.107
2012,201573,0.254
2012,202690,0.154
2012,202710,0.088
2012,201149,0.176
2012,201975,0.066
2012,2207,0.163
2012,201202,0.034
2012,200777,0.05
2012,2038,0.08
2012,101130,0.076
2012,203089,0.063
2012,203098,0.105
2012,101249,0.233
2012,2422,0.142
2012,202322,0.407
2012,202720,0.074
2012,201973,0.079
2012,202685,0.051
2012,202348,0.244
2012,202706,0.089
2012,201941,0.05
2012,101181,0.396
2012,203006,0.2
2012,2735,0.085
2012,202725,0.0
2012,2572,0.034
2012,201177,0.151
2012,202729,0.143
2012,2746,0.204
2012,201950,0.358
2012,202933,0.111
2012,202458,0.0
2012,203200,0.155
2012,436,0.207
2012,202695,0.077
2012,2586,0.084
2012,202689,0.308
2012,203088,0.306
2012,2570,0.078
2012,202702,0.051
2012,203145,0.159
2012,2030,0.03
2012,201142,0.213
2012,708,0.147
2012,203158,0.043
2012,201567,0.117
2012,2755,0.081
2012,203122,0.083
2012,202338,0.063
2012,2039,0.195
2012,203114,0.085
2012,203119,0.097
2012,2550,0.267
2012,202691,0.099
2012,977,0.286
2012,201585,0.026
2012,2743,0.043
2012,203126,0.028
2012,703,0.085
2012,2198,0.051
2012,2594,0.094
2012,200768,0.336
2012,203124,0.122
2012,202713,0.053
2012,202681,0.315
2012,200746,0.125
2012,1885,0.128
2012,202362,0.15
2012,202498,0.043
2012,202361,0.084
2012,202336,0.068
2012,202730,0.068
2012,202351,0.2
2012,2544,0.344
2012,2571,0.201
2012,101132,0.077
2012,200811,0.051
2012,101150,0.218
2012,201601,0.063
2012,2449,0.14
2012,202337,0.064
2012,2557,0.211
2012,2575,0.286
2012,202545,0.103
2012,2736,0.131
2012,203146,0.233
2012,202723,0.111
2012,202952,0.1
2012,1938,0.308
2012,202705,0.153
2012,201188,0.19
2012,101162,0.063
2012,201158,0.132
2012,948,0.096
2012,202694,0.068
2012,201977,0.092
2012,201596,0.183
2012,202693,0.095
2012,2605,0.096
2012,203104,0.275
2012,201578,0.067
2012,101110,0.105
2012,101107,0.072
2012,2440,0.095
2012,2588,0.057
2012,2679,0.333
2012,203090,0.04
2012,1897,0.067
2012,203086,0.045
2012,201563,0.125
2012,203077,0.096
2012,101153,0.064
2012,2554,0.034
2012,201144,0.287
2012,2399,0.114
2012,2229,0.236
2012,2034,0.167
2012,203118,0.058
2012,203101,0.061
2012,203141,0.08
2012,2590,0.324
2012,101145,0.262
2012,201986,0.233
2012,101126,0.312
2012,1737,0.06
2012,2403,0.184
2012,2555,0.112
2012,201156,0.099
2012,201587,0.199
2012,201593,0.048
2012,202696,0.093
2012,202701,0.229
2012,202708,0.165
2012,201564,0.191
2012,201600,0.046
2012,201956,0.093
2012,203111,0.135
2012,200782,0.085
2012,203143,0.277
2012,201976,0.262
2012,202335,0.07
2012,201988,0.147
2012,2200,0.196
2012,202331,0.191
2012,200794,0.143
2012,1718,0.245
2012,203103,0.057
2012,2047,0.056
2012,203112,0.051
2012,203113,0.143
2012,202347,0.076
2012,200765,0.49
2012,201196,0.266
2012,200751,0.116
2012,1740,0.063
2012,739,0.039
2012,951,0.107
2012,101109,0.26
2012,2501,0.032
2012,202704,0.204
2012,202130,0.18
2012,1888,0.191
2012,2210,0.088
2012,201937,0.391
2012,203135,0.045
2012,201577,0.051
2012,201155,0.208
2012,201958,0.237
2012,2427,0.091
2012,200758,0.087
2012,101179,0.232
2012,101142,0.074
2012,201579,0.083
2012,2767,0.073
2012,200752,0.134
2012,201566,0.372
2012,201583,0.071
2012,200797,0.027
2012,201970,0.107
2012,202396,0.069
2012,2223,0.044
2012,2562,0.093
2012,203159,0.6
2012,2742,0.252
2012,201586,0.028
2012,2203,0.058
2012,200769,0.127
2012,2733,0.229
2012,101183,0.028
2012,1890,0.129
2012,202714,0.265
2012,200780,0.0
2012,201150,0.134
2012,201939,0.298
2012,1536,0.11
2012,2581,0.227
2012,959,0.31
2012,200779,0.032
2012,201959,0.071
2012,2419,0.122
2012,202227,0.107
2012,203093,0.09
2012,203082,0.073
2012,201944,0.19
2012,200757,0.08
2012,201152,0.078
2012,203080,0.073
2012,201168,0.099
2012,1495,0.151
2012,203317,0.25
2012,202389,0.039
2012,202699,0.087
2012,201962,0.176
2012,2754,0.076
2012,2225,0.396
2012,203100,0.262
2012,203129,0.05
2012,2566,0.079
2012,2772,0.132
2012,202344,0.079
2012,202684,0.069
2012,2211,0.045
2012,201951,0.295
2012,201946,0.05
2012,202715,0.111
2012,203092,0.075
2012,201936,0.19
2012,200748,0.094
2012,203116,0.181
2012,2199,0.044
2012,2617,0.037
2012,203139,0.062
2012,201964,0.079
2012,1713,0.148
2012,2209,0.099
2012,201961,0.1
2012,202325,0.061
2012,202083,0.115
2012,203115,0.113
2012,101198,0.341
2012,101215,0.0
2012,2584,0.07
2012,201163,0.082
2012,202333,0.036
2012,2216,0.073
2012,2585,0.107
2013,201985,0.271
2013,201166,0.238
2013,201189,0.092
2013,203519,0.115
2013,1733,0.089
2013,201143,0.139
2013,2744,0.122
2013,202329,0.083
2013,101187,0.074
2013,202692,0.168
2013,203458,0.017
2013,203144,0.162
2013,201582,0.067
2013,203459,0.088
2013,202087,0.071
2013,2405,0.044
2013,101161,0.085
2013,2760,0.122
2013,101154,0.126
2013,203083,0.021
2013,2738,0.17
2013,1889,0.307
2013,203460,0.051
2013,200745,0.063
2013,1905,0.131
2013,101106,0.087
2013,101115,0.099
2013,203094,0.037
2013,2740,0.0
2013,1712,0.047
2013,203461,0.043
2013,203076,0.078
2013,201627,0.069
2013,201576,0.104
2013,201229,0.049
2013,203462,0.061
2013,202620,0.13
2013,203102,0.015
2013,203382,0.103
2013,201167,0.169
2013,201948,0.081
2013,203085,0.193
2013,202340,0.079
2013,2732,0.122
2013,203463,0.058
2013,2757,0.278
2013,203108,0.029
2013,202687,0.012
2013,201933,0.185
2013,2564,0.162
2013,203078,0.155
2013,201148,0.046
2013,101138,0.065
2013,203561,0.074
2013,201943,0.334
2013,202688,0.262
2013,201575,0.085
2013,203148,0.226
2013,201572,0.059
2013,201957,0.06
2013,201228,0.144
2013,203468,0.089
2013,101139,0.088
2013,201171,0.036
2013,2430,0.105
2013,2546,0.156
2013,2406,0.099
2013,203467,0.143
2013,201858,0.064
2013,203810,0.135
2013,202718,0.168
2013,101112,0.061
2013,101111,0.063
2013,201978,0.063
2013,1497,0.196
2013,2365,0.021
2013,203569,0.034
2013,2547,0.056
2013,203142,0.124
2013,201604,0.081
2013,203187,0.059
2013,2549,0.14
2013,101108,0.459
2013,202698,0.043
2013,203147,0.0
2013,202874,0.058
2013,101236,0.069
2013,203469,0.106
2013,202332,0.063
2013,201147,0.075
2013,202709,0.18
2013,201584,0.093
2013,201571,0.297
2013,203474,0.0
2013,201591,0.0
2013,203081,0.249
2013,202345,0.071
2013,202350,0.097
2013,101122,0.08
2013,201980,0.092
2013,201967,0.08
2013,203130,0.1
2013,203121,0.09
2013,202721,0.259
2013,201589,0.082
2013,201954,0.225
2013,101135,0.101
2013,2561,0.158
2013,201599,0.036
2013,202732,0.0
2013,201971,0.088
2013,201942,0.189
2013,202326,0.175
2013,201960,0.088
2013,203471,0.247
2013,965,0.12
2013,101114,0.312
2013,202324,0.072
2013,201565,0.257
2013,202682,0.049
2013,2734,0.312
2013,203473,0.021
2013,202354,0.0
2013,203197,0.183
2013,203079,0.183
2013,202091,0.067
2013,1717,0.14
2013,202388,0.223
2013,202700,0.058
2013,2748,0.096
2013,203117,0.093
2013,203110,0.127
2013,2400,0.066
2013,202779,0.115
2013,2730,0.091
2013,2548,0.249
2013,202734,0.122
2013,201947,0.039
2013,2248,0.246
2013,202334,0.045
2013,202327,0.059
2013,203548,0.091
2013,202343,0.104
2013,1882,0.081
2013,202683,0.064
2013,202339,0.272
2013,201569,0.164
2013,201953,0.291
2013,203513,0.065
2013,101141,0.086
2013,203095,0.119
2013,202323,0.174
2013,101128,0.09
2013,203539,0.299
2013,202066,0.18
2013,202390,0.137
2013,201588,0.17
2013,101123,0.085
2013,201945,0.137
2013,2222,0.152
2013,203507,0.12
2013,203540,0.071
2013,201175,0.08
2013,203318,0.101
2013,201609,0.274
2013,202330,0.237
2013,203476,0.076
2013,202328,0.101
2013,201141,0.007
2013,202962,0.0
2013,201880,0.055
2013,202349,0.31
2013,202970,0.101
2013,202380,0.065
2013,203084,0.08
2013,201934,0.008
2013,2045,0.127
2013,203156,0.101
2013,200756,0.074
2013,203138,0.061
2013,203546,0.147
2013,101133,0.031
2013,202697,0.097
2013,203477,0.144
2013,202738,0.317
2013,202397,0.275
2013,200826,0.353
2013,201581,0.085
2013,200755,0.116
2013,2747,0.152
2013,201580,0.035
2013,203109,0.067
2013,203479,0.053
2013,2224,0.359
2013,2037,0.181
2013,2749,0.341
2013,202341,0.099
2013,201935,0.266
2013,201949,0.175
2013,2592,0.06
2013,203263,0.082
2013,203480,0.0
2013,202686,0.043
2013,2457,0.433
2013,203099,0.154
2013,201162,0.087
2013,203096,0.097
2013,101127,0.232
2013,202363,0.059
2013,2215,0.034
2013,101131,0.027
2013,201160,0.054
2013,1891,0.156
2013,201574,0.04
2013,202399,0.064
2013,201965,0.085
2013,201145,0.085
2013,201952,0.347
2013,203481,0.057
2013,203106,0.06
2013,202379,0.061
2013,203087,0.123
2013,202391,0.229
2013,202719,0.032
2013,979,0.045
2013,201573,0.187
2013,202690,0.221
2013,202710,0.11
2013,201149,0.258
2013,201975,0.085
2013,2207,0.148
2013,201202,0.016
2013,200777,0.072
2013,203089,0.111
2013,203098,0.113
2013,101249,0.12
2013,2422,0.135
2013,202322,0.392
2013,202720,0.052
2013,201973,0.088
2013,202685,0.041
2013,202348,0.256
2013,200770,0.343
2013,202706,0.084
2013,201941,0.063
2013,203268,0.204
2013,101181,0.223
2013,2735,0.095
2013,202725,0.074
2013,201177,0.215
2013,2694,0.0
2013,2746,0.147
2013,201950,0.358
2013,202933,0.179
2013,203120,0.0
2013,202695,0.103
2013,2586,0.088
2013,203482,0.123
2013,202689,0.291
2013,203088,0.426
2013,2570,0.076
2013,202702,0.071
2013,203145,0.167
2013,203484,0.05
2013,2030,0.118
2013,201142,0.259
2013,708,0.13
2013,201567,0.205
2013,2755,0.09
2013,202338,0.054
2013,203114,0.114
2013,2550,0.224
2013,202691,0.097
2013,977,0.369
2013,201585,0.047
2013,2743,0.087
2013,2594,0.127
2013,200768,0.336
2013,203124,0.104
2013,202713,0.047
2013,202681,0.311
2013,200746,0.128
2013,202362,0.217
2013,202498,0.12
2013,202361,0.096
2013,202336,0.055
2013,202730,0.105
2013,2544,0.311
2013,2571,0.146
2013,203485,0.281
2013,200811,0.057
2013,101150,0.234
2013,201601,0.056
2013,2449,0.106
2013,202337,0.089
2013,2557,0.248
2013,2736,0.141
2013,203146,0.333
2013,202952,0.043
2013,202412,0.104
2013,1938,0.274
2013,202705,0.121
2013,201188,0.18
2013,101162,0.08
2013,201158,0.13
2013,202694,0.077
2013,201977,0.072
2013,201596,0.232
2013,202693,0.112
2013,203104,0.222
2013,201578,0.061
2013,101110,0.068
2013,101107,0.075
2013,203486,0.082
2013,2440,0.101
2013,2588,0.063
2013,203521,0.217
2013,203090,0.063
2013,2408,0.0
2013,1897,0.07
2013,203086,0.08
2013,201563,0.088
2013,203487,0.292
2013,203077,0.055
2013,201144,0.293
2013,2399,0.119
2013,200839,0.037
2013,2229,0.347
2013,2034,0.116
2013,203488,0.058
2013,203118,0.091
2013,203101,0.033
2013,203545,0.084
2013,203141,0.069
2013,2590,0.266
2013,101145,0.245
2013,201203,0.667
2013,201986,0.203
2013,101126,0.226
2013,203489,0.227
2013,1737,0.066
2013,203517,0.16
2013,2403,0.166
2013,201979,0.273
2013,2555,0.108
2013,201156,0.091
2013,201587,0.208
2013,201593,0.049
2013,202696,0.098
2013,202708,0.187
2013,201564,0.152
2013,203136,0.034
2013,201600,0.039
2013,201956,0.105
2013,203111,0.087
2013,201785,0.026
2013,203490,0.051
2013,200782,0.08
2013,203143,0.258
2013,201976,0.123
2013,202335,0.083
2013,201988,0.157
2013,2200,0.184
2013,202331,0.177
2013,200794,0.16
2013,1718,0.146
2013,203544,0.1
2013,203103,0.05
2013,203491,0.258
2013,203515,0.305
2013,203112,0.051
2013,203113,0.047
2013,202347,0.126
2013,200765,0.48
2013,201196,0.258
2013,200751,0.173
2013,1740,0.088
2013,2446,0.075
2013,951,0.117
2013,203492,0.216
2013,101109,0.275
2013,203493,0.049
2013,2501,0.037
2013,202704,0.231
2013,202130,0.143
2013,2210,0.098
2013,203495,0.1
2013,201937,0.362
2013,203133,0.052
2013,203496,0.0
2013,203135,0.072
2013,201577,0.041
2013,201155,0.129
2013,2427,0.105
2013,200758,0.085
2013,101179,0.263
2013,101142,0.06
2013,201579,0.06
2013,2767,0.0
2013,203091,0.0
2013,200752,0.146
2013,203497,0.026
2013,201566,0.38
2013,201583,0.032
2013,101155,0.048
2013,200797,0.026
2013,203527,0.104
2013,2223,0.035
2013,2756,0.0
2013,203816,0.2
2013,201586,0.051
2013,203508,0.059
2013,203552,0.0
2013,203498,0.038
2013,2203,0.057
2013,202197,0.0
2013,203499,0.208
2013,200769,0.059
2013,2733,0.201
2013,101183,0.014
2013,1890,0.076
2013,200761,0.058
2013,202714,0.288
2013,203524,0.078
2013,200780,0.039
2013,201150,0.152
2013,201939,0.372
2013,1536,0.071
2013,2581,0.303
2013,959,0.428
2013,200779,0.038
2013,203500,0.05
2013,201959,0.075
2013,2419,0.09
2013,203093,0.067
2013,203082,0.06
2013,200757,0.082
2013,201152,0.114
2013,203080,0.061
2013,201168,0.103
2013,1495,0.159
2013,203501,0.059
2013,202389,0.055
2013,202699,0.077
2013,201962,0.157
2013,2754,0.115
2013,203502,0.04
2013,203183,0.2
2013,2225,0.31
2013,203503,0.095
2013,203100,0.21
2013,203129,0.141
2013,203315,0.215
2013,2566,0.076
2013,2772,0.105
2013,202344,0.061
2013,203504,0.28
2013,202684,0.044
2013,203584,0.114
2013,201951,0.369
2013,201946,0.029
2013,203092,0.055
2013,201936,0.313
2013,203116,0.242
2013,2199,0.054
2013,2617,0.032
2013,203505,0.091
2013,203139,0.034
2013,201964,0.094
2013,203506,0.225
2013,1713,0.17
2013,203543,0.059
2013,201961,0.068
2013,202325,0.082
2013,202083,0.109
2013,203115,0.149
2013,101198,0.327
2013,2584,0.09
2013,201163,0.093
2013,202333,0.09
2013,2216,0.124
2013,2585,0.16
2014,201985,0.254
2014,201166,0.245
2014,203932,0.064
2014,203940,0.067
2014,201143,0.178
2014,2744,0.11
2014,202329,0.062
2014,101187,0.074
2014,202692,0.145
2014,203945,0.125
2014,203458,0.03
2014,203144,0.26
2014,201582,0.084
2014,203459,0.082
2014,202087,0.062
2014,2405,0.064
2014,101161,0.092
2014,2760,0.09
2014,203958,0.077
2014,203083,0.037
2014,2738,0.151
2014,1889,0.352
2014,203460,0.075
2014,200745,0.119
2014,1905,0.038
2014,101106,0.149
2014,203094,0.076
2014,203952,0.097
2014,203461,0.087
2014,203076,0.109
2014,201627,0.05
2014,201229,0.061
2014,203462,0.149
2014,202620,0.089
2014,203382,0.049
2014,201167,0.079
2014,201948,0.083
2014,203085,0.157
2014,202340,0.087
2014,2732,0.111
2014,203463,0.082
2014,2757,0.236
2014,203108,0.039
2014,202687,0.021
2014,201933,0.246
2014,202711,0.057
2014,2564,0.181
2014,203078,0.144
2014,201148,0.044
2014,101138,0.091
2014,203561,0.123
2014,201943,0.384
2014,202688,0.272
2014,201575,0.063
2014,2217,0.032
2014,203148,0.209
2014,201572,0.044
2014,203998,0.0
2014,203955,0.169
2014,201228,0.229
2014,203912,0.151
2014,203468,0.104
2014,101139,0.069
2014,203946,0.021
2014,201171,0.04
2014,2430,0.101
2014,2546,0.161
2014,2406,0.074
2014,201858,0.085
2014,202718,0.111
2014,101112,0.074
2014,101111,0.047
2014,201978,0.082
2014,2365,0.063
2014,2547,0.121
2014,203142,0.102
2014,201604,0.058
2014,203187,0.046
2014,2549,0.079
2014,101108,0.441
2014,101236,0.105
2014,203921,0.102
2014,203991,0.037
2014,203469,0.106
2014,202332,0.143
2014,201147,0.131
2014,203928,0.047
2014,202709,0.205
2014,201584,0.096
2014,201571,0.286
2014,2563,0.027
2014,203081,0.285
2014,204014,0.079
2014,201568,0.094
2014,101122,0.049
2014,201980,0.101
2014,201967,0.045
2014,203957,0.169
2014,203121,0.074
2014,202721,0.281
2014,201589,0.096
2014,201954,0.263
2014,101135,0.142
2014,204065,0.333
2014,204033,0.143
2014,2561,0.199
2014,201599,0.03
2014,201971,0.029
2014,201942,0.174
2014,202326,0.202
2014,201960,0.083
2014,203471,0.373
2014,101114,0.326
2014,202324,0.09
2014,201565,0.289
2014,202682,0.057
2014,2734,0.207
2014,203906,0.102
2014,203473,0.016
2014,203079,0.116
2014,1717,0.101
2014,202388,0.291
2014,202700,0.109
2014,2748,0.102
2014,203926,0.033
2014,203110,0.155
2014,2400,0.089
2014,204079,0.044
2014,202779,0.206
2014,2730,0.072
2014,203939,0.058
2014,2548,0.3
2014,202734,0.106
2014,2853,0.06
2014,201947,0.058
2014,202334,0.082
2014,202327,0.107
2014,203901,0.314
2014,202407,0.101
2014,202343,0.15
2014,1882,0.07
2014,202683,0.044
2014,202339,0.273
2014,201569,0.177
2014,203961,0.0
2014,203475,0.165
2014,101141,0.07
2014,203095,0.115
2014,202323,0.302
2014,203105,0.028
2014,101128,0.128
2014,203128,0.079
2014,203539,0.448
2014,202066,0.119
2014,203914,0.061
2014,202390,0.152
2014,201588,0.304
2014,101123,0.11
2014,201945,0.152
2014,2222,0.05
2014,203507,0.133
2014,203540,0.073
2014,201175,0.073
2014,203318,0.083
2014,203922,0.064
2014,201609,0.212
2014,202330,0.211
2014,203476,0.105
2014,203511,0.091
2014,202328,0.119
2014,202962,0.039
2014,201880,0.077
2014,202349,0.247
2014,203084,0.068
2014,202355,0.009
2014,2045,0.08
2014,203156,0.109
2014,201611,0.071
2014,203138,0.083
2014,203546,0.097
2014,101133,0.045
2014,202697,0.137
2014,203477,0.189
2014,202738,0.269
2014,202397,0.388
2014,200826,0.295
2014,201581,0.069
2014,200755,0.085
2014,2747,0.145
2014,203960,0.121
2014,203210,0.04
2014,201580,0.021
2014,203913,0.113
2014,203953,0.095
2014,204022,0.019
2014,203109,0.087
2014,203479,0.273
2014,2037,0.16
2014,2749,0.278
2014,203516,0.074
2014,201935,0.34
2014,201949,0.114
2014,2592,0.059
2014,203949,0.02
2014,203923,0.059
2014,2457,0.216
2014,203099,0.204
2014,201162,0.115
2014,203096,0.14
2014,203950,0.053
2014,101127,0.286
2014,101131,0.036
2014,2202,0.171
2014,201160,0.134
2014,1891,0.139
2014,201574,0.063
2014,202399,0.104
2014,201965,0.061
2014,201145,0.089
2014,201952,0.367
2014,203481,0.07
2014,203106,0.093
2014,203924,0.095
2014,202077,0.118
2014,202379,0.084
2014,203087,0.125
2014,202391,0.279
2014,202366,0.06
2014,203968,0.0
2014,201573,0.221
2014,202690,0.171
2014,202710,0.142
2014,201149,0.227
2014,201975,0.091
2014,203925,0.083
2014,204060,0.171
2014,2207,0.169
2014,201202,0.019
2014,200777,0.039
2014,201595,0.043
2014,203530,0.09
2014,203089,0.084
2014,203098,0.081
2014,101249,0.392
2014,2422,0.078
2014,202322,0.446
2014,203948,0.076
2014,202720,0.091
2014,201973,0.091
2014,202685,0.031
2014,203919,0.101
2014,203903,0.243
2014,200770,0.213
2014,202706,0.09
2014,201941,0.096
2014,203268,0.212
2014,101181,0.251
2014,201177,0.168
2014,2746,0.207
2014,201950,0.322
2014,203944,0.0
2014,203120,0.09
2014,203200,0.114
2014,203994,0.072
2014,203909,0.095
2014,203564,0.0
2014,202695,0.124
2014,203482,0.115
2014,202689,0.272
2014,203088,0.301
2014,2570,0.065
2014,202702,0.067
2014,203145,0.093
2014,203484,0.065
2014,2030,0.068
2014,201142,0.213
2014,708,0.131
2014,201567,0.104
2014,2755,0.123
2014,202338,0.085
2014,203114,0.123
2014,2550,0.143
2014,202691,0.137
2014,977,0.3
2014,201585,0.044
2014,203123,0.166
2014,2743,0.068
2014,203937,0.116
2014,2594,0.111
2014,200768,0.312
2014,203124,0.119
2014,202713,0.071
2014,202681,0.236
2014,200746,0.089
2014,202362,0.259
2014,202498,0.079
2014,202361,0.112
2014,204038,0.175
2014,203580,0.381
2014,202336,0.065
2014,202730,0.107
2014,2544,0.366
2014,2571,0.162
2014,201991,0.172
2014,203485,0.257
2014,200811,0.118
2014,101150,0.136
2014,201601,0.101
2014,203512,0.071
2014,2449,0.11
2014,202337,0.044
2014,2557,0.22
2014,2736,0.094
2014,202723,0.0
2014,202952,0.065
2014,1938,0.29
2014,201188,0.193
2014,101162,0.062
2014,201158,0.105
2014,202694,0.1
2014,203935,0.161
2014,201977,0.087
2014,201596,0.216
2014,203900,0.07
2014,202693,0.12
2014,201578,0.098
2014,101110,0.081
2014,101107,0.078
2014,203486,0.069
2014,2440,0.067
2014,2588,0.074
2014,203521,0.228
2014,203090,0.056
2014,203086,0.063
2014,201563,0.113
2014,203487,0.374
2014,203077,0.078
2014,201144,0.278
2014,2399,0.094
2014,2034,0.101
2014,203488,0.08
2014,203118,0.115
2014,203101,0.041
2014,203545,0.0
2014,203141,0.087
2014,203956,0.043
2014,2590,0.358
2014,101145,0.2
2014,101126,0.303
2014,203489,0.127
2014,1737,0.038
2014,2403,0.117
2014,203457,0.099
2014,201979,0.274
2014,2555,0.12
2014,203910,0.069
2014,201156,0.071
2014,201587,0.2
2014,203917,0.092
2014,202703,0.102
2014,201593,0.057
2014,202696,0.106
2014,203943,0.029
2014,202708,0.229
2014,201564,0.194
2014,203136,0.154
2014,201600,0.054
2014,201956,0.121
2014,203490,0.068
2014,200782,0.076
2014,203798,0.051
2014,203143,0.213
2014,201976,0.171
2014,203565,0.0
2014,202335,0.108
2014,201988,0.172
2014,2200,0.142
2014,202331,0.122
2014,200794,0.149
2014,1718,0.115
2014,203544,0.072
2014,203103,0.046
2014,203515,0.3
2014,203112,0.091
2014,203113,0.092
2014,202347,0.08
2014,200765,0.393
2014,201196,0.258
2014,200751,0.176
2014,2446,0.067
2014,203492,0.21
2014,101109,0.237
2014,203493,0.038
2014,2501,0.065
2014,202704,0.333
2014,202130,0.169
2014,2210,0.073
2014,203495,0.143
2014,201937,0.422
2014,203133,0.058
2014,203496,0.095
2014,203135,0.076
2014,201577,0.05
2014,203918,0.136
2014,201155,0.2
2014,101179,0.244
2014,101142,0.167
2014,201579,0.076
2014,200752,0.185
2014,203497,0.087
2014,203893,0.216
2014,201566,0.43
2014,201583,0.054
2014,200797,0.048
2014,203527,0.113
2014,2223,0.088
2014,203930,0.082
2014,2742,0.29
2014,201586,0.041
2014,203508,0.123
2014,203552,0.2
2014,203498,0.091
2014,203894,0.216
2014,203499,0.201
2014,200769,0.049
2014,2733,0.267
2014,101183,0.051
2014,1890,0.069
2014,200761,0.068
2014,203963,0.094
2014,202714,0.298
2014,204021,0.5
2014,203524,0.121
2014,203915,0.394
2014,201150,0.11
2014,201939,0.358
2014,2581,0.264
2014,200779,0.088
2014,203500,0.056
2014,203933,0.069
2014,201959,0.071
2014,204028,0.059
2014,2419,0.109
2014,203093,0.067
2014,203082,0.063
2014,200757,0.116
2014,201152,0.118
2014,203080,0.07
2014,201168,0.11
2014,1495,0.166
2014,204025,0.361
2014,203501,0.134
2014,202389,0.04
2014,202699,0.088
2014,201962,0.214
2014,2754,0.081
2014,2225,0.278
2014,203503,0.068
2014,203100,0.338
2014,203315,0.111
2014,204037,0.104
2014,2772,0.112
2014,202344,0.093
2014,203504,0.245
2014,202684,0.028
2014,203584,0.111
2014,201951,0.408
2014,203898,0.278
2014,201946,0.029
2014,204020,0.115
2014,203092,0.106
2014,201936,0.316
2014,200748,0.2
2014,2199,0.053
2014,2617,0.078
2014,203505,0.178
2014,201964,0.019
2014,203506,0.188
2014,1713,0.11
2014,201961,0.101
2014,202325,0.084
2014,202083,0.11
2014,203115,0.135
2014,101198,0.486
2014,203805,0.174
2014,2584,0.121
2014,201163,0.086
2014,202333,0.048
2014,203897,0.25
2014,2216,0.111
2014,2585,0.155
2014,204054,0.116
2015,201166,0.265
2015,203932,0.103
2015,1626151,0.033
2015,203940,0.093
2015,201143,0.165
2015,2744,0.114
2015,202329,0.087
2015,101187,0.112
2015,1626210,0.096
2015,202692,0.14
2015,203458,0.087
2015,1627293,0.053
2015,201582,0.059
2015,203459,0.072
2015,202087,0.063
2015,2405,0.054
2015,101161,0.11
2015,2760,0.102
2015,203083,0.042
2015,2738,0.165
2015,1889,0.276
2015,203460,0.039
2015,200745,0.051
2015,101106,0.145
2015,202726,0.118
2015,203094,0.05
2015,203952,0.098
2015,203461,0.0
2015,1626148,0.048
2015,203076,0.1
2015,201627,0.037
2015,201229,0.058
2015,203462,0.174
2015,203382,0.07
2015,201167,0.097
2015,203085,0.116
2015,202340,0.095
2015,1626253,0.068
2015,203463,0.076
2015,2757,0.256
2015,202687,0.025
2015,201933,0.258
2015,1626246,0.072
2015,1626171,0.076
2015,202711,0.073
2015,2564,0.182
2015,203078,0.153
2015,201148,0.05
2015,1626183,0.0
2015,101138,0.088
2015,201943,0.298
2015,202688,0.234
2015,201575,0.072
2015,203148,0.205
2015,1627362,0.175
2015,201572,0.106
2015,203998,0.033
2015,203955,0.136
2015,1626214,0.076
2015,201228,0.18
2015,203912,0.09
2015,203468,0.211
2015,101139,0.069
2015,203946,0.091
2015,1626166,0.241
2015,201171,0.102
2015,2546,0.209
2015,2406,0.099
2015,202718,0.158
2015,101112,0.086
2015,101111,0.063
2015,201978,0.098
2015,2365,0.045
2015,2547,0.129
2015,203142,0.12
2015,203187,0.082
2015,2549,0.186
2015,1626191,0.038
2015,101108,0.493
2015,1626174,0.035
2015,101236,0.133
2015,203921,0.058
2015,1626146,0.0
2015,203991,0.05
2015,203469,0.061
2015,202332,0.107
2015,201147,0.102
2015,203928,0.0
2015,202709,0.199
2015,1626262,0.0
2015,201584,0.088
2015,1626245,0.115
2015,1626156,0.213
2015,201571,0.257
2015,2563,0.067
2015,203081,0.33
2015,203996,0.112
2015,204014,0.058
2015,201568,0.122
2015,201980,0.092
2015,201967,0.056
2015,201589,0.102
2015,201954,0.219
2015,1626199,0.117
2015,101135,0.162
2015,2561,0.15
2015,201599,0.051
2015,201971,0.077
2015,201942,0.208
2015,202326,0.167
2015,201960,0.056
2015,1626153,0.226
2015,203471,0.368
2015,101114,0.295
2015,202324,0.086
2015,201565,0.25
2015,202682,0.096
2015,1626164,0.162
2015,2734,0.149
2015,203906,0.072
2015,203473,0.029
2015,203079,0.103
2015,1717,0.096
2015,202388,0.293
2015,202700,0.116
2015,203926,0.049
2015,203110,0.277
2015,2400,0.066
2015,1626251,0.067
2015,2730,0.071
2015,203939,0.077
2015,2548,0.267
2015,202734,0.118
2015,202334,0.078
2015,204002,0.055
2015,203901,0.317
2015,202407,0.164
2015,202343,0.143
2015,1882,0.142
2015,1626144,0.281
2015,202683,0.032
2015,202339,0.298
2015,201569,0.129
2015,203961,0.029
2015,203475,0.107
2015,101141,0.055
2015,203095,0.128
2015,202323,0.247
2015,203105,0.06
2015,1626163,0.095
2015,202066,0.102
2015,203914,0.093
2015,202390,0.099
2015,201588,0.157
2015,101123,0.057
2015,201945,0.084
2015,203507,0.195
2015,203922,0.077
2015,201609,0.276
2015,202330,0.181
2015,203476,0.099
2015,202328,0.128
2015,202962,0.049
2015,202349,0.32
2015,203084,0.077
2015,202355,0.022
2015,203156,0.054
2015,203138,0.072
2015,203546,0.171
2015,101133,0.09
2015,202697,0.1
2015,203477,0.12
2015,202738,0.312
2015,202397,0.37
2015,200826,0.301
2015,201581,0.091
2015,1626266,0.0
2015,200755,0.08
2015,2747,0.082
2015,203960,0.062
2015,203210,0.074
2015,201580,0.015
2015,203953,0.086
2015,203109,0.087
2015,1626143,0.088
2015,2037,0.145
2015,2749,0.287
2015,202341,0.078
2015,203516,0.104
2015,201935,0.354
2015,201949,0.113
2015,2592,0.054
2015,203949,0.11
2015,203923,0.063
2015,203099,0.074
2015,201162,0.112
2015,203096,0.148
2015,204067,0.058
2015,1626185,0.065
2015,203950,0.083
2015,101127,0.34
2015,201160,0.087
2015,1891,0.125
2015,201574,0.094
2015,201965,0.078
2015,201145,0.102
2015,201952,0.341
2015,203481,0.051
2015,203924,0.106
2015,202379,0.013
2015,203087,0.111
2015,202391,0.192
2015,1626170,0.236
2015,201573,0.168
2015,202690,0.5
2015,202710,0.218
2015,201149,0.256
2015,201975,0.143
2015,203925,0.182
2015,204060,0.125
2015,2207,0.172
2015,1626202,0.261
2015,201202,0.02
2015,203530,0.093
2015,203089,0.096
2015,203098,0.111
2015,202322,0.449
2015,203948,0.057
2015,202720,0.09
2015,201973,0.078
2015,202685,0.045
2015,203613,0.108
2015,203919,0.273
2015,203903,0.139
2015,200770,0.198
2015,202706,0.128
2015,201941,0.096
2015,203895,0.216
2015,1626175,0.03
2015,203268,0.395
2015,101181,0.213
2015,203962,0.0
2015,201177,0.204
2015,1626196,0.098
2015,2746,0.172
2015,201950,0.365
2015,203944,0.111
2015,1626147,0.071
2015,202712,0.0
2015,203200,0.111
2015,1626159,0.077
2015,203994,0.123
2015,203909,0.059
2015,1626157,0.108
2015,202695,0.128
2015,203951,0.059
2015,203482,0.119
2015,1626162,0.029
2015,202689,0.253
2015,203088,0.266
2015,2570,0.077
2015,202702,0.077
2015,203145,0.127
2015,203484,0.075
2015,201142,0.23
2015,708,0.164
2015,201567,0.119
2015,2755,0.089
2015,202338,0.157
2015,1626172,0.0
2015,203114,0.183
2015,2550,0.173
2015,202691,0.094
2015,977,0.183
2015,201585,0.034
2015,203123,0.077
2015,2743,0.068
2015,204001,0.076
2015,203937,0.14
2015,2594,0.095
2015,200768,0.293
2015,203124,0.161
2015,202713,0.035
2015,202681,0.253
2015,200746,0.081
2015,203934,0.134
2015,202362,0.152
2015,202498,0.066
2015,204038,0.161
2015,1626204,0.055
2015,202730,0.07
2015,2544,0.339
2015,2571,0.112
2015,203485,0.306
2015,200811,0.107
2015,101150,0.149
2015,201601,0.032
2015,203512,0.044
2015,1626242,0.067
2015,2449,0.066
2015,202337,0.092
2015,2736,0.087
2015,1938,0.234
2015,201188,0.195
2015,1626273,0.327
2015,101162,0.072
2015,201158,0.117
2015,202694,0.107
2015,203935,0.162
2015,201977,0.125
2015,201596,0.27
2015,1626209,0.113
2015,203900,0.142
2015,202693,0.125
2015,201578,0.126
2015,101107,0.074
2015,203486,0.161
2015,2440,0.117
2015,2588,0.061
2015,203521,0.265
2015,203090,0.068
2015,1897,0.078
2015,203086,0.103
2015,201563,0.086
2015,203487,0.264
2015,203077,0.069
2015,201144,0.324
2015,2399,0.076
2015,2034,0.159
2015,203488,0.099
2015,203118,0.106
2015,203101,0.03
2015,203141,0.088
2015,203956,0.071
2015,2590,0.231
2015,101145,0.222
2015,1626149,0.067
2015,1626167,0.05
2015,101126,0.286
2015,1737,0.0
2015,202357,0.115
2015,2403,0.145
2015,203457,0.107
2015,2555,0.103
2015,201156,0.058
2015,201587,0.262
2015,203917,0.119
2015,203999,0.176
2015,202703,0.095
2015,201593,0.131
2015,202696,0.154
2015,203943,0.037
2015,1626181,0.102
2015,202708,0.219
2015,201564,0.156
2015,201600,0.032
2015,201956,0.074
2015,203111,0.031
2015,203490,0.076
2015,200782,0.104
2015,203798,0.045
2015,203143,0.235
2015,1626192,0.115
2015,201976,0.175
2015,202335,0.07
2015,201988,0.197
2015,2200,0.215
2015,202331,0.203
2015,200794,0.162
2015,1718,0.088
2015,203515,0.395
2015,203112,0.045
2015,1626154,0.068
2015,200765,0.473
2015,1626176,0.0
2015,201196,0.228
2015,200751,0.144
2015,1626173,0.055
2015,2446,0.079
2015,203526,0.19
2015,203492,0.185
2015,101109,0.205
2015,203493,0.1
2015,202704,0.344
2015,2210,0.07
2015,1626158,0.073
2015,201937,0.402
2015,203496,0.083
2015,203135,0.072
2015,201577,0.083
2015,203918,0.142
2015,201155,0.179
2015,1626178,0.1
2015,101179,0.187
2015,201579,0.082
2015,200752,0.078
2015,203497,0.073
2015,203893,0.314
2015,201566,0.468
2015,201583,0.059
2015,200797,0.034
2015,203527,0.07
2015,1626257,0.038
2015,1626155,0.0
2015,201619,0.052
2015,2756,0.146
2015,203930,0.078
2015,201586,0.037
2015,203508,0.114
2015,203552,0.148
2015,203498,0.055
2015,203894,0.253
2015,203499,0.3
2015,2733,0.222
2015,203963,0.12
2015,202714,0.292
2015,203524,0.093
2015,201603,0.148
2015,203915,0.297
2015,201150,0.171
2015,1626169,0.113
2015,201939,0.315
2015,2581,0.311
2015,200779,0.0
2015,203500,0.042
2015,204456,0.36
2015,203933,0.068
2015,201959,0.083
2015,204028,0.053
2015,2419,0.073
2015,203093,0.069
2015,203082,0.053
2015,1626179,0.199
2015,200757,0.093
2015,201152,0.094
2015,203648,0.0
2015,203080,0.08
2015,201168,0.077
2015,202353,0.043
2015,1495,0.153
2015,204025,0.339
2015,203501,0.089
2015,202389,0.039
2015,202699,0.106
2015,201962,0.188
2015,2754,0.068
2015,2225,0.294
2015,203503,0.07
2015,203100,0.274
2015,2772,0.1
2015,202344,0.083
2015,203504,0.201
2015,1626168,0.072
2015,202684,0.04
2015,203584,0.083
2015,201951,0.251
2015,203898,0.225
2015,201946,0.038
2015,204020,0.151
2015,203092,0.073
2015,201936,0.366
2015,2199,0.064
2015,1626145,0.278
2015,2617,0.08
2015,203506,0.182
2015,1713,0.089
2015,201961,0.082
2015,202325,0.045
2015,202083,0.088
2015,203115,0.147
2015,1626161,0.038
2015,203186,0.039
2015,204098,0.136
2015,203897,0.187
2015,2216,0.125
2015,2585,0.101
2016,1627773,0.038
2016,201166,0.216
2016,203932,0.097
2016,1626151,0.375
2016,203940,0.089
2016,201143,0.239
2016,2744,0.114
2016,202329,0.082
2016,101187,0.052
2016,1626210,0.049
2016,202692,0.074
2016,203518,0.055
2016,203458,0.043
2016,1627816,0.052
2016,201582,0.031
2016,203459,0.063
2016,202087,0.092
2016,101161,0.125
2016,2760,0.152
2016,203083,0.06
2016,2738,0.169
2016,203460,0.045
2016,101106,0.133
2016,1626150,0.209
2016,203094,0.047
2016,203952,0.104
2016,203461,0.075
2016,1626148,0.08
2016,203076,0.11
2016,201627,0.052
2016,201229,0.077
2016,203462,0.186
2016,202620,0.143
2016,203382,0.039
2016,201167,0.077
2016,203085,0.155
2016,202340,0.107
2016,1626253,0.0
2016,1627791,0.0
2016,203463,0.068
2016,2757,0.364
2016,202687,0.065
2016,201933,0.235
2016,1626246,0.054
2016,201628,0.175
2016,1626171,0.059
2016,202711,0.086
2016,2564,0.207
2016,203078,0.154
2016,201148,0.06
2016,101138,0.063
2016,1627742,0.105
2016,201943,0.308
2016,202688,0.194
2016,201575,0.058
2016,203148,0.214
2016,1627362,0.168
2016,1627744,0.167
2016,201572,0.143
2016,203998,0.154
2016,1627854,0.146
2016,1627741,0.101
2016,201228,0.174
2016,203912,0.174
2016,203468,0.175
2016,101139,0.041
2016,1626166,0.195
2016,1627747,0.132
2016,2546,0.141
2016,202718,0.122
2016,101112,0.05
2016,1626184,0.173
2016,1627767,0.031
2016,1627778,0.086
2016,2365,0.063
2016,1626191,0.036
2016,101108,0.444
2016,1626174,0.031
2016,203991,0.066
2016,203469,0.087
2016,202332,0.063
2016,201147,0.104
2016,202709,0.2
2016,201584,0.104
2016,1626245,0.061
2016,1626156,0.269
2016,201571,0.237
2016,2563,0.2
2016,1627745,0.0
2016,203081,0.277
2016,204014,0.101
2016,1627849,0.07
2016,201568,0.09
2016,201980,0.097
2016,201967,0.031
2016,203957,0.144
2016,1627863,0.0
2016,203967,0.145
2016,201589,0.099
2016,201954,0.243
2016,1626199,0.133
2016,101135,0.126
2016,1628021,0.048
2016,2561,0.26
2016,202722,0.084
2016,201599,0.054
2016,202732,0.097
2016,1627761,0.123
2016,201942,0.204
2016,202326,0.262
2016,201960,0.056
2016,1627749,0.236
2016,1626153,0.204
2016,1627743,0.3
2016,203471,0.34
2016,1627756,0.095
2016,101114,0.35
2016,202324,0.079
2016,1627884,0.03
2016,201565,0.216
2016,202682,0.054
2016,1626164,0.16
2016,2734,0.197
2016,203473,0.049
2016,1627738,0.015
2016,1627754,0.0
2016,203079,0.234
2016,1717,0.099
2016,1627734,0.073
2016,202700,0.096
2016,1627827,0.061
2016,203926,0.06
2016,1627733,0.057
2016,203110,0.272
2016,2730,0.076
2016,203939,0.062
2016,2548,0.221
2016,202734,0.138
2016,202334,0.05
2016,204002,0.071
2016,203901,0.329
2016,202407,0.067
2016,1626144,0.222
2016,202683,0.078
2016,202339,0.309
2016,201569,0.125
2016,101141,0.107
2016,203095,0.144
2016,202323,0.196
2016,1626163,0.131
2016,1627832,0.18
2016,202066,0.146
2016,203914,0.129
2016,202390,0.125
2016,1627780,0.224
2016,201588,0.227
2016,1627777,0.074
2016,1627834,0.085
2016,101123,0.1
2016,201945,0.108
2016,203507,0.269
2016,203922,0.048
2016,201609,0.283
2016,202330,0.179
2016,203476,0.086
2016,202328,0.165
2016,202349,0.185
2016,203084,0.076
2016,202355,0.037
2016,1627740,0.074
2016,203138,0.072
2016,203546,0.122
2016,101133,0.05
2016,202697,0.08
2016,203477,0.099
2016,1627819,0.07
2016,202738,0.305
2016,1627785,0.173
2016,202397,0.319
2016,1627826,0.078
2016,200826,0.421
2016,200755,0.074
2016,2747,0.071
2016,203210,0.064
2016,201580,0.032
2016,203953,0.137
2016,203109,0.097
2016,1626143,0.097
2016,1627774,0.072
2016,1627751,0.03
2016,2037,0.159
2016,1627750,0.142
2016,2749,0.258
2016,203516,0.067
2016,201935,0.505
2016,201949,0.21
2016,2592,0.062
2016,203949,0.06
2016,203923,0.03
2016,201162,0.126
2016,203096,0.048
2016,204067,0.0
2016,1626185,0.025
2016,203950,0.4
2016,101127,0.263
2016,1627784,0.141
2016,201160,0.052
2016,1891,0.1
2016,1627759,0.077
2016,201145,0.089
2016,201952,0.359
2016,203481,0.025
2016,203924,0.044
2016,203087,0.113
2016,202391,0.338
2016,1626170,0.172
2016,201573,0.361
2016,202710,0.243
2016,201149,0.138
2016,201975,0.089
2016,203925,0.076
2016,204060,0.168
2016,2207,0.125
2016,1626202,0.203
2016,201202,0.041
2016,1627762,0.065
2016,203954,0.174
2016,203530,0.11
2016,203089,0.076
2016,203098,0.083
2016,101249,0.2
2016,202322,0.45
2016,203948,0.125
2016,202720,0.088
2016,201973,0.081
2016,202685,0.043
2016,1626780,0.215
2016,203613,0.137
2016,203903,0.143
2016,202348,0.192
2016,200770,0.346
2016,201941,0.0
2016,203895,0.083
2016,1626175,0.084
2016,101181,0.251
2016,203962,0.115
2016,201177,0.2
2016,1626196,0.128
2016,201950,0.355
2016,1627823,0.048
2016,203944,0.195
2016,1626147,0.089
2016,203120,0.074
2016,202712,0.1
2016,203200,0.095
2016,1626159,0.153
2016,203994,0.142
2016,203909,0.04
2016,1626157,0.127
2016,202695,0.182
2016,1627770,0.261
2016,203482,0.159
2016,1626162,0.042
2016,202689,0.282
2016,202702,0.064
2016,203145,0.14
2016,203484,0.111
2016,201142,0.218
2016,201567,0.093
2016,202338,0.069
2016,1626172,0.094
2016,203114,0.175
2016,202691,0.09
2016,201585,0.053
2016,1627739,0.2
2016,2743,0.07
2016,204001,0.073
2016,203937,0.126
2016,2594,0.093
2016,200768,0.293
2016,203124,0.149
2016,202713,0.034
2016,1627787,0.069
2016,202681,0.278
2016,200746,0.1
2016,203934,0.25
2016,202362,0.254
2016,202498,0.053
2016,204038,0.098
2016,1626204,0.096
2016,202336,0.0
2016,202730,0.093
2016,2544,0.388
2016,2571,0.128
2016,101150,0.193
2016,201601,0.029
2016,203512,0.053
2016,2449,0.124
2016,202337,0.049
2016,2736,0.073
2016,1627781,0.092
2016,1627763,0.239
2016,1627098,0.241
2016,1627736,0.098
2016,202412,0.143
2016,1938,0.199
2016,201188,0.246
2016,1626273,0.311
2016,101162,0.065
2016,201158,0.131
2016,1627875,0.13
2016,202694,0.095
2016,203935,0.226
2016,201977,0.108
2016,1626209,0.11
2016,202693,0.076
2016,1627737,0.051
2016,201578,0.085
2016,1627850,0.082
2016,101107,0.072
2016,203486,0.187
2016,2440,0.162
2016,203521,0.259
2016,203090,0.056
2016,1626254,0.037
2016,1897,0.113
2016,203086,0.085
2016,201563,0.096
2016,203487,0.203
2016,1627771,0.087
2016,203077,0.074
2016,201144,0.329
2016,2399,0.097
2016,2034,0.195
2016,203488,0.121
2016,203118,0.15
2016,1627861,0.091
2016,203101,0.065
2016,1627851,0.102
2016,203141,0.063
2016,101145,0.171
2016,1626149,0.097
2016,1626167,0.065
2016,202357,0.102
2016,2403,0.088
2016,203457,0.078
2016,2555,0.171
2016,201156,0.057
2016,201587,0.273
2016,1627852,0.144
2016,1627879,0.301
2016,203917,0.129
2016,203999,0.266
2016,202703,0.069
2016,202696,0.157
2016,203943,0.036
2016,1626181,0.094
2016,202708,0.177
2016,1627855,0.061
2016,201600,0.044
2016,201956,0.087
2016,203490,0.066
2016,200782,0.063
2016,1627783,0.028
2016,1626192,0.137
2016,1627868,0.0
2016,201976,0.184
2016,1627775,0.099
2016,202335,0.066
2016,201988,0.236
2016,2200,0.143
2016,202331,0.157
2016,200794,0.172
2016,1718,0.049
2016,1627835,0.062
2016,203510,0.322
2016,203112,0.053
2016,1626188,0.198
2016,1626154,0.0
2016,200765,0.361
2016,1626176,0.027
2016,201196,0.24
2016,200751,0.153
2016,1626173,0.085
2016,203526,0.14
2016,101109,0.172
2016,203493,0.086
2016,202704,0.306
2016,202130,0.087
2016,2210,0.068
2016,1626158,0.081
2016,201937,0.385
2016,203496,0.075
2016,201577,0.054
2016,203918,0.102
2016,203585,0.088
2016,201155,0.184
2016,1627758,0.188
2016,1626178,0.135
2016,101179,0.188
2016,201579,0.048
2016,200752,0.14
2016,203497,0.057
2016,201566,0.543
2016,201583,0.046
2016,203527,0.116
2016,1626257,0.025
2016,1626155,0.079
2016,2756,0.189
2016,203930,0.147
2016,203902,0.193
2016,201586,0.05
2016,200771,0.349
2016,203552,0.159
2016,203498,0.038
2016,203894,0.2
2016,2733,0.146
2016,1627848,0.087
2016,1627815,0.078
2016,202714,0.21
2016,1627746,0.071
2016,203524,0.08
2016,203915,0.21
2016,201150,0.174
2016,1626169,0.106
2016,201939,0.287
2016,1627757,0.056
2016,200779,0.0
2016,203500,0.054
2016,204456,0.374
2016,203933,0.056
2016,201959,0.057
2016,204028,0.052
2016,1627752,0.091
2016,203093,0.075
2016,203082,0.066
2016,1626179,0.164
2016,200757,0.099
2016,201152,0.082
2016,203080,0.088
2016,1627748,0.069
2016,201168,0.089
2016,204025,0.312
2016,203501,0.137
2016,1627817,0.234
2016,202389,0.061
2016,1627789,0.093
2016,202699,0.087
2016,203107,0.183
2016,201962,0.214
2016,2754,0.083
2016,2225,0.276
2016,203503,0.058
2016,1626203,0.058
2016,2772,0.088
2016,202344,0.131
2016,203504,0.23
2016,1626168,0.098
2016,202684,0.046
2016,203584,0.065
2016,1627786,0.072
2016,201951,0.3
2016,203898,0.211
2016,204020,0.17
2016,1627755,0.297
2016,203092,0.125
2016,201936,0.281
2016,2199,0.033
2016,1626145,0.276
2016,2617,0.094
2016,203506,0.122
2016,1713,0.112
2016,1627735,0.262
2016,201961,0.07
2016,1627782,0.09
2016,202325,0.042
2016,202083,0.138
2016,203115,0.185
2016,1626161,0.093
2016,203186,0.04
2016,1626195,0.116
2016,201163,0.097
2016,1627812,0.232
2016,203897,0.128
2016,2216,0.131
2016,2585,0.131
2017,201166,0.161
2017,203932,0.111
2017,1626151,0.072
2017,1628935,0.053
2017,1627846,0.078
2017,203940,0.0
2017,201143,0.225
2017,2744,0.098
2017,202329,0.056
2017,1626210,0.195
2017,202692,0.104
2017,1628409,0.073
2017,203518,0.036
2017,1627936,0.185
2017,203458,0.093
2017,1627816,0.026
2017,1628035,0.027
2017,203459,0.082
2017,101161,0.137
2017,203083,0.14
2017,2738,0.169
2017,201281,0.149
2017,203460,0.059
2017,101106,0.099
2017,1626150,0.222
2017,1628510,0.05
2017,203952,0.08
2017,1627790,0.039
2017,1626148,0.333
2017,203076,0.104
2017,201229,0.076
2017,1628469,0.096
2017,1628499,0.025
2017,203382,0.095
2017,201167,0.066
2017,203085,0.179
2017,202340,0.105
2017,1628389,0.115
2017,203463,0.078
2017,1628500,0.111
2017,1627732,0.362
2017,202687,0.07
2017,201933,0.286
2017,1626246,0.1
2017,201628,0.19
2017,1626171,0.126
2017,203992,0.183
2017,202711,0.071
2017,203078,0.206
2017,201148,0.056
2017,1627742,0.177
2017,201943,0.331
2017,203464,0.096
2017,1627362,0.139
2017,1627744,0.03
2017,201572,0.113
2017,203998,0.056
2017,1627854,0.077
2017,1627741,0.127
2017,203710,0.086
2017,203468,0.156
2017,101139,0.061
2017,1628403,0.124
2017,1626166,0.294
2017,1627747,0.265
2017,2546,0.061
2017,1626224,0.084
2017,202718,0.158
2017,101112,0.077
2017,1628429,0.038
2017,1627767,0.048
2017,1627778,0.1
2017,1628449,0.0
2017,1626191,0.082
2017,101108,0.389
2017,203991,0.055
2017,203469,0.075
2017,202332,0.081
2017,201147,0.073
2017,202709,0.164
2017,201584,0.113
2017,1626245,0.093
2017,1626156,0.348
2017,201571,0.251
2017,1628391,0.075
2017,1626177,0.083
2017,1627745,0.037
2017,203081,0.301
2017,2863,0.075
2017,1627814,0.109
2017,1628422,0.098
2017,1627772,0.615
2017,1628464,0.099
2017,201568,0.097
2017,201980,0.089
2017,201967,0.042
2017,203957,0.27
2017,1627863,0.092
2017,203967,0.129
2017,203121,0.076
2017,201589,0.101
2017,201954,0.257
2017,1626199,0.147
2017,1628021,0.094
2017,204065,0.0
2017,2561,0.22
2017,202722,0.102
2017,1628432,0.087
2017,1628368,0.24
2017,201599,0.074
2017,202732,0.091
2017,1627761,0.166
2017,201942,0.245
2017,202326,0.241
2017,201960,0.106
2017,1627749,0.202
2017,1626153,0.202
2017,1627743,0.188
2017,203471,0.352
2017,1628372,0.301
2017,1627756,0.178
2017,202324,0.075
2017,1627884,0.056
2017,201565,0.136
2017,1628476,0.17
2017,1628401,0.098
2017,202682,0.0
2017,1626164,0.233
2017,2734,0.165
2017,1628421,0.0
2017,203473,0.09
2017,1627738,0.068
2017,1628415,0.092
2017,203079,0.21
2017,1717,0.098
2017,1627734,0.127
2017,1628378,0.189
2017,1627827,0.086
2017,203926,0.065
2017,1627733,0.089
2017,203110,0.286
2017,1628407,0.077
2017,202779,0.24
2017,2730,0.069
2017,203939,0.085
2017,2548,0.245
2017,202734,0.099
2017,202334,0.039
2017,1628410,0.0
2017,202327,0.093
2017,203901,0.328
2017,2731,0.028
2017,1626144,0.254
2017,202683,0.091
2017,202339,0.246
2017,201569,0.113
2017,203961,0.141
2017,1628571,0.0
2017,101141,0.078
2017,203095,0.138
2017,202323,0.128
2017,1626163,0.113
2017,1628412,0.233
2017,1628373,0.21
2017,1627832,0.231
2017,1627788,0.077
2017,202066,0.115
2017,203914,0.128
2017,1627780,0.13
2017,201588,0.145
2017,1627777,0.167
2017,1627834,0.097
2017,101123,0.045
2017,1628492,0.071
2017,203507,0.237
2017,203922,0.068
2017,201609,0.245
2017,202330,0.0
2017,203476,0.08
2017,202328,0.189
2017,1627824,0.107
2017,203084,0.101
2017,202355,0.068
2017,1627740,0.098
2017,203546,0.107
2017,101133,0.068
2017,1628387,0.0
2017,202697,0.084
2017,203477,0.276
2017,1628439,0.098
2017,1627819,0.272
2017,202738,0.268
2017,1627785,0.213
2017,202397,0.273
2017,1628397,0.095
2017,1627826,0.095
2017,200826,0.426
2017,200755,0.149
2017,2747,0.087
2017,203960,0.041
2017,203210,0.082
2017,201580,0.08
2017,1628444,0.099
2017,203953,0.129
2017,204022,0.128
2017,1626643,0.0
2017,1628451,0.091
2017,203109,0.071
2017,1626143,0.07
2017,1627774,0.099
2017,1627751,0.054
2017,1627883,0.032
2017,2037,0.177
2017,1627750,0.159
2017,1627866,0.0
2017,2749,0.255
2017,1628503,0.098
2017,203516,0.069
2017,201935,0.449
2017,201949,0.22
2017,203949,0.0
2017,1627821,0.044
2017,203923,0.053
2017,203966,0.056
2017,201162,0.153
2017,204067,0.0
2017,1626185,0.073
2017,1628386,0.055
2017,101127,0.302
2017,201160,0.084
2017,1891,0.098
2017,1628393,0.177
2017,1627759,0.081
2017,1628537,0.13
2017,1628369,0.081
2017,201145,0.081
2017,201952,0.298
2017,203481,0.0
2017,203924,0.055
2017,202379,0.0
2017,203087,0.154
2017,202391,0.235
2017,1626170,0.314
2017,201573,0.085
2017,202710,0.204
2017,201149,0.2
2017,201975,0.1
2017,203925,0.101
2017,204060,0.222
2017,2207,0.109
2017,1626202,0.103
2017,1627762,0.0
2017,203954,0.182
2017,203530,0.121
2017,1628381,0.09
2017,203089,0.083
2017,204066,0.04
2017,202322,0.425
2017,1628405,0.078
2017,203948,0.067
2017,202720,0.051
2017,201973,0.057
2017,202685,0.075
2017,1626780,0.148
2017,1628371,0.053
2017,203613,0.131
2017,1628395,0.166
2017,203903,0.193
2017,202348,0.351
2017,1626175,0.051
2017,101181,0.175
2017,1627982,0.24
2017,1628404,0.076
2017,203962,0.027
2017,1628367,0.105
2017,203705,0.37
2017,201177,0.0
2017,1626196,0.131
2017,2746,0.0
2017,201950,0.243
2017,1627823,0.06
2017,203944,0.158
2017,202933,0.187
2017,1626147,0.078
2017,203200,0.097
2017,1628382,0.071
2017,1628383,0.0
2017,1626159,0.134
2017,203994,0.115
2017,1628443,0.167
2017,1626157,0.105
2017,202695,0.191
2017,1627770,0.247
2017,203482,0.18
2017,1626162,0.067
2017,202689,0.264
2017,2570,0.182
2017,202702,0.064
2017,203145,0.199
2017,203484,0.093
2017,201142,0.243
2017,201567,0.099
2017,1626172,0.062
2017,203920,0.088
2017,203114,0.172
2017,202691,0.108
2017,1628424,0.157
2017,201585,0.1
2017,1627739,0.319
2017,204001,0.063
2017,203937,0.146
2017,1627858,0.163
2017,2594,0.079
2017,1628398,0.091
2017,200768,0.307
2017,203124,0.166
2017,202713,0.057
2017,202681,0.282
2017,200746,0.111
2017,202362,0.186
2017,202498,0.044
2017,204038,0.105
2017,203580,0.196
2017,1626204,0.085
2017,1628374,0.064
2017,2544,0.432
2017,1628506,0.102
2017,1628366,0.288
2017,203485,0.125
2017,101150,0.254
2017,201601,0.052
2017,203512,0.074
2017,1626242,0.0
2017,202337,0.064
2017,1628379,0.127
2017,1628436,0.114
2017,2736,0.111
2017,1627781,0.058
2017,1627763,0.165
2017,1627098,0.244
2017,1626259,0.034
2017,1627736,0.077
2017,1628370,0.178
2017,1628493,0.0
2017,1938,0.193
2017,202705,0.205
2017,201188,0.225
2017,101162,0.103
2017,201158,0.115
2017,1627875,0.045
2017,202694,0.082
2017,1627779,0.143
2017,203935,0.234
2017,201596,0.214
2017,1626209,0.101
2017,203900,0.105
2017,1628365,0.294
2017,202693,0.107
2017,1627737,0.081
2017,203104,0.241
2017,201578,0.104
2017,1627850,0.063
2017,101107,0.069
2017,203486,0.145
2017,1627856,0.071
2017,1628475,0.0
2017,203521,0.296
2017,203090,0.061
2017,1628467,0.066
2017,203086,0.11
2017,201563,0.122
2017,203487,0.214
2017,203077,0.057
2017,201144,0.234
2017,1628455,0.279
2017,203488,0.074
2017,203118,0.093
2017,203101,0.074
2017,1628462,0.252
2017,1628495,0.122
2017,1627851,0.0
2017,203141,0.103
2017,1628420,0.368
2017,1626149,0.093
2017,1627988,0.083
2017,1626167,0.071
2017,203489,0.077
2017,1628513,0.0
2017,202357,0.088
2017,2403,0.093
2017,203457,0.07
2017,2555,0.087
2017,201156,0.038
2017,201587,0.255
2017,1627852,0.0
2017,1628502,0.077
2017,203917,0.115
2017,203999,0.286
2017,202703,0.079
2017,202696,0.184
2017,203943,0.059
2017,1626181,0.122
2017,1628384,0.049
2017,1627855,0.034
2017,204179,0.106
2017,201600,0.02
2017,201956,0.099
2017,203490,0.096
2017,200782,0.047
2017,1628408,0.0
2017,1627783,0.133
2017,1626192,0.085
2017,201976,0.15
2017,1627775,0.113
2017,202335,0.068
2017,201988,0.158
2017,2200,0.208
2017,202331,0.143
2017,200794,0.139
2017,1627835,0.086
2017,203112,0.061
2017,202347,0.078
2017,1626188,0.179
2017,1626154,0.111
2017,200765,0.406
2017,201196,0.297
2017,1626173,0.09
2017,203526,0.23
2017,101109,0.255
2017,203493,0.081
2017,203687,0.0
2017,202704,0.331
2017,2210,0.135
2017,1626158,0.122
2017,201937,0.283
2017,203496,0.084
2017,201577,0.119
2017,203918,0.097
2017,203585,0.075
2017,1628681,0.092
2017,1627758,0.161
2017,1626178,0.143
2017,1626220,0.122
2017,200752,0.097
2017,203497,0.068
2017,201566,0.464
2017,201583,0.05
2017,1627853,0.161
2017,1626257,0.071
2017,1626155,0.059
2017,203816,0.2
2017,203930,0.121
2017,1628400,0.026
2017,201586,0.044
2017,203498,0.055
2017,203894,0.149
2017,203499,0.21
2017,1627885,0.199
2017,2733,0.169
2017,202714,0.308
2017,1628414,0.081
2017,1627746,0.088
2017,203524,0.14
2017,203915,0.349
2017,1626169,0.086
2017,201939,0.272
2017,1628425,0.049
2017,203500,0.051
2017,1628388,0.028
2017,204456,0.258
2017,203933,0.069
2017,201959,0.051
2017,204028,0.042
2017,1627752,0.135
2017,1628390,0.035
2017,203082,0.088
2017,1626179,0.184
2017,200757,0.066
2017,201152,0.085
2017,1628418,0.128
2017,1627748,0.055
2017,204025,0.327
2017,203501,0.123
2017,1627817,0.25
2017,202389,0.05
2017,1627789,0.098
2017,202699,0.115
2017,203107,0.246
2017,2754,0.051
2017,1628396,0.056
2017,2225,0.282
2017,203503,0.064
2017,1628470,0.054
2017,204037,0.045
2017,1626203,0.082
2017,2772,0.066
2017,202344,0.106
2017,203504,0.329
2017,1626168,0.105
2017,203590,0.0
2017,202684,0.043
2017,203584,0.047
2017,1627786,0.071
2017,1628463,0.076
2017,1628416,0.128
2017,203898,0.234
2017,204020,0.123
2017,1628399,0.0
2017,1627755,0.282
2017,203092,0.063
2017,201936,0.304
2017,1627820,0.115
2017,2199,0.065
2017,1626145,0.215
2017,2617,0.119
2017,203505,0.086
2017,203506,0.209
2017,1713,0.099
2017,1626205,0.0
2017,1627735,0.093
2017,1627215,0.172
2017,201961,0.06
2017,1627782,0.154
2017,1628411,0.084
2017,202325,0.056
2017,202083,0.125
2017,203115,0.185
2017,1626161,0.135
2017,203186,0.035
2017,1626195,0.109
2017,201163,0.094
2017,204098,0.364
2017,1628504,0.247
2017,202918,0.0
2017,1627812,0.137
2017,1628380,0.07
2017,203897,0.187
2017,2216,0.146
2017,2585,0.141
2017,1627753,0.028
2018,203932,0.166
2018,1628988,0.18
2018,1627846,0.044
2018,201143,0.203
2018,202329,0.057
2018,1626210,0.176
2018,202692,0.142
2018,203518,0.047
2018,1627936,0.205
2018,203458,0.086
2018,1627816,0.085
2018,1628035,0.041
2018,1628993,0.018
2018,203459,0.059
2018,1629019,0.131
2018,1628518,0.052
2018,101161,0.156
2018,203083,0.068
2018,2738,0.173
2018,201281,0.0
2018,101106,0.104
2018,1626150,0.194
2018,203952,0.108
2018,1629014,0.135
2018,1629116,0.0
2018,1627790,0.075
2018,203076,0.186
2018,201229,0.059
2018,1628469,0.079
2018,203382,0.092
2018,203085,0.12
2018,202340,0.114
2018,1629168,0.0
2018,1628389,0.146
2018,203463,0.035
2018,1627732,0.341
2018,1628656,0.189
2018,202687,0.064
2018,201933,0.268
2018,1626246,0.128
2018,1626171,0.085
2018,203992,0.199
2018,202711,0.095
2018,1629045,0.04
2018,202954,0.225
2018,203078,0.233
2018,1629164,0.298
2018,1627742,0.127
2018,202688,0.147
2018,1629102,0.063
2018,201572,0.055
2018,1628971,0.087
2018,203998,0.091
2018,1627854,0.105
2018,1627741,0.117
2018,203710,0.158
2018,203468,0.133
2018,101139,0.061
2018,1628403,0.098
2018,1629244,0.073
2018,1626166,0.225
2018,1627747,0.231
2018,2546,0.028
2018,1626224,0.12
2018,1628990,0.055
2018,202718,0.143
2018,101112,0.1
2018,1626184,0.182
2018,1627767,0.051
2018,1629002,0.14
2018,1628449,0.02
2018,1629185,0.19
2018,101108,0.382
2018,1626174,0.051
2018,203991,0.07
2018,203469,0.114
2018,1629012,0.154
2018,201147,0.107
2018,202709,0.208
2018,201584,0.13
2018,1626245,0.07
2018,1626156,0.392
2018,201571,0.258
2018,1628391,0.08
2018,203474,0.0
2018,1629541,0.078
2018,1627745,0.084
2018,203081,0.299
2018,1627814,0.051
2018,1628422,0.104
2018,1627772,0.157
2018,1628464,0.108
2018,201568,0.134
2018,201980,0.073
2018,201967,0.072
2018,203957,0.251
2018,1627863,0.058
2018,203967,0.089
2018,203121,0.107
2018,201954,0.302
2018,1629133,0.123
2018,1628021,0.077
2018,202722,0.079
2018,1628432,0.068
2018,1628368,0.322
2018,1629001,0.214
2018,201599,0.119
2018,1627761,0.15
2018,201942,0.277
2018,202326,0.206
2018,201960,0.075
2018,1629152,0.375
2018,1629028,0.094
2018,1626153,0.217
2018,1627743,0.185
2018,1629061,0.038
2018,203471,0.209
2018,1628372,0.278
2018,1629126,0.057
2018,202324,0.079
2018,1627884,0.049
2018,201565,0.244
2018,1628401,0.206
2018,1626164,0.327
2018,2734,0.172
2018,1628421,0.095
2018,1628984,0.266
2018,203473,0.079
2018,1627738,0.063
2018,1628415,0.079
2018,203079,0.164
2018,1717,0.068
2018,1627734,0.18
2018,202700,0.2
2018,1628378,0.209
2018,1628978,0.102
2018,1629055,0.0
2018,1627827,0.07
2018,203926,0.07
2018,1627733,0.094
2018,203110,0.261
2018,1629234,0.1
2018,1629130,0.045
2018,1628605,0.357
2018,1628407,0.092
2018,2730,0.026
2018,203939,0.101
2018,2548,0.264
2018,1629058,0.083
2018,202734,0.093
2018,202334,0.064
2018,1628410,0.063
2018,202327,0.131
2018,203901,0.318
2018,1629059,0.198
2018,1629150,0.125
2018,1626144,0.242
2018,202683,0.12
2018,202339,0.26
2018,201569,0.09
2018,203961,0.154
2018,101141,0.056
2018,203095,0.17
2018,202323,0.242
2018,1628402,0.08
2018,1626163,0.129
2018,1628412,0.28
2018,1628373,0.195
2018,1627832,0.243
2018,1627788,0.107
2018,202066,0.075
2018,1629109,0.04
2018,203914,0.11
2018,1627780,0.333
2018,1629018,0.057
2018,201588,0.146
2018,1628994,0.0
2018,1627777,0.107
2018,101123,0.041
2018,203507,0.294
2018,203922,0.053
2018,201609,0.259
2018,202330,0.185
2018,203476,0.106
2018,1628960,0.102
2018,202328,0.079
2018,1627824,0.088
2018,1628977,0.044
2018,203084,0.069
2018,1628385,0.155
2018,202355,0.054
2018,1629312,0.067
2018,1627740,0.096
2018,203546,0.132
2018,101133,0.073
2018,1628387,0.2
2018,202697,0.098
2018,1629067,0.163
2018,1629353,0.0
2018,1628515,0.226
2018,203477,0.194
2018,1628392,0.1
2018,1628439,0.118
2018,202738,0.198
2018,202397,0.243
2018,1628397,0.123
2018,1627826,0.093
2018,200826,0.454
2018,1629122,0.2
2018,200755,0.129
2018,2747,0.133
2018,203960,0.052
2018,203210,0.058
2018,201580,0.045
2018,203953,0.14
2018,1628980,0.15
2018,203109,0.09
2018,1626143,0.064
2018,1627774,0.056
2018,1627751,0.099
2018,1628973,0.223
2018,1627883,0.05
2018,2037,0.283
2018,1627750,0.22
2018,203516,0.047
2018,201935,0.394
2018,201949,0.167
2018,203263,0.097
2018,201162,0.093
2018,1629123,0.182
2018,1626185,0.078
2018,1628991,0.074
2018,1628417,0.043
2018,1629020,0.064
2018,1628386,0.076
2018,201160,0.112
2018,1628393,0.238
2018,1629121,0.201
2018,1627759,0.079
2018,1628537,0.174
2018,1628369,0.098
2018,201145,0.093
2018,201952,0.366
2018,1629203,0.115
2018,203924,0.04
2018,203087,0.119
2018,202391,0.249
2018,1626170,0.242
2018,1629010,0.08
2018,201573,0.262
2018,1628975,0.184
2018,202690,0.2
2018,202710,0.179
2018,201149,0.202
2018,201975,0.096
2018,1629147,0.25
2018,203925,0.114
2018,204060,0.262
2018,203954,0.185
2018,1628381,0.102
2018,203089,0.108
2018,204066,0.0
2018,203098,0.105
2018,202322,0.391
2018,1628405,0.129
2018,1629140,0.051
2018,202720,0.06
2018,1628413,0.085
2018,201973,0.106
2018,202685,0.109
2018,1628371,0.055
2018,203613,0.175
2018,1628395,0.134
2018,203903,0.153
2018,1628070,0.182
2018,203895,0.131
2018,1626296,0.0
2018,101181,0.282
2018,1628404,0.072
2018,1628367,0.142
2018,1629006,0.068
2018,1626196,0.177
2018,201950,0.308
2018,1627823,0.054
2018,1627395,0.083
2018,203944,0.158
2018,1626147,0.073
2018,203200,0.084
2018,1628382,0.081
2018,1628383,0.25
2018,1626159,0.213
2018,203994,0.168
2018,1628443,0.277
2018,203564,0.5
2018,1626157,0.169
2018,202695,0.159
2018,1628966,0.047
2018,203482,0.113
2018,1626162,0.067
2018,202689,0.287
2018,202702,0.043
2018,1629026,0.094
2018,203145,0.144
2018,203484,0.077
2018,201142,0.251
2018,1628989,0.139
2018,1628995,0.06
2018,201567,0.125
2018,1626172,0.106
2018,203920,0.087
2018,203114,0.194
2018,1629017,0.067
2018,202691,0.103
2018,1628424,0.0
2018,201585,0.099
2018,1628961,0.0
2018,1627739,0.29
2018,203937,0.155
2018,2594,0.088
2018,1628398,0.113
2018,200768,0.329
2018,203124,0.204
2018,202681,0.33
2018,200746,0.115
2018,202362,0.175
2018,202498,0.051
2018,1629013,0.09
2018,204038,0.072
2018,1626204,0.179
2018,1628374,0.07
2018,2544,0.376
2018,1629022,0.143
2018,1628366,0.236
2018,203485,0.199
2018,101150,0.318
2018,201601,0.045
2018,1629029,0.317
2018,1628379,0.122
2018,1628436,0.108
2018,2736,0.062
2018,1627781,0.0
2018,1627763,0.157
2018,1626259,0.024
2018,1627736,0.074
2018,1628370,0.143
2018,202705,0.112
2018,201188,0.222
2018,101162,0.123
2018,201158,0.102
2018,1629094,0.026
2018,202694,0.073
2018,203935,0.19
2018,1626209,0.116
2018,1628365,0.212
2018,202693,0.092
2018,1627737,0.069
2018,1628963,0.06
2018,101107,0.061
2018,203486,0.199
2018,203521,0.329
2018,203090,0.068
2018,1628467,0.068
2018,1628982,0.032
2018,203086,0.123
2018,201563,0.149
2018,203487,0.262
2018,203077,0.077
2018,1628969,0.097
2018,201144,0.327
2018,203488,0.081
2018,203118,0.064
2018,1628970,0.081
2018,203101,0.155
2018,1628462,0.26
2018,1628249,0.188
2018,1629011,0.042
2018,1628964,0.086
2018,1628420,0.221
2018,1626149,0.123
2018,1629021,0.084
2018,1626167,0.083
2018,1628513,0.25
2018,202357,0.107
2018,2403,0.07
2018,203457,0.067
2018,201156,0.077
2018,201587,0.145
2018,203917,0.123
2018,203999,0.361
2018,202703,0.061
2018,202696,0.208
2018,203943,0.108
2018,1626181,0.119
2018,1628384,0.05
2018,1627855,0.0
2018,1629016,0.085
2018,201956,0.077
2018,203490,0.1
2018,200782,0.047
2018,1628408,0.125
2018,1627783,0.141
2018,1626192,0.128
2018,201976,0.183
2018,1627775,0.099
2018,202335,0.049
2018,201988,0.174
2018,2200,0.209
2018,202331,0.173
2018,200794,0.104
2018,203112,0.088
2018,202347,0.121
2018,1626188,0.167
2018,1626154,0.15
2018,200765,0.36
2018,203526,0.251
2018,1628959,0.137
2018,1629034,0.052
2018,101109,0.209
2018,203493,0.096
2018,202704,0.241
2018,1626158,0.082
2018,201937,0.313
2018,203496,0.055
2018,1629057,0.04
2018,201577,0.084
2018,1629066,0.057
2018,203918,0.101
2018,203585,0.103
2018,1627758,0.139
2018,1626178,0.119
2018,1626220,0.102
2018,200752,0.145
2018,203497,0.095
2018,201566,0.44
2018,201583,0.088
2018,1627853,0.191
2018,1629151,0.069
2018,1626257,0.137
2018,1626155,0.081
2018,203159,0.214
2018,1628400,0.054
2018,201586,0.076
2018,203552,0.068
2018,203894,0.235
2018,1628983,0.179
2018,1629003,0.086
2018,1627885,0.142
2018,2733,0.154
2018,202714,0.241
2018,1628414,0.079
2018,1627746,0.078
2018,203524,0.08
2018,203915,0.272
2018,1626169,0.118
2018,201939,0.225
2018,1628425,0.115
2018,203500,0.063
2018,1629004,0.11
2018,1628388,0.063
2018,204456,0.249
2018,203933,0.073
2018,1628769,0.0
2018,201959,0.072
2018,1627752,0.107
2018,1628390,0.046
2018,203093,0.0
2018,203082,0.103
2018,1626179,0.193
2018,200757,0.059
2018,201152,0.12
2018,1629033,0.167
2018,1628418,0.09
2018,1629118,0.2
2018,1627748,0.066
2018,204025,0.286
2018,203501,0.125
2018,1627789,0.057
2018,202699,0.126
2018,203107,0.248
2018,1628396,0.042
2018,2225,0.331
2018,203503,0.069
2018,1628470,0.062
2018,1629027,0.39
2018,1626203,0.062
2018,1628979,0.667
2018,2772,0.149
2018,203504,0.229
2018,1626168,0.116
2018,202684,0.11
2018,1628972,0.147
2018,1628505,0.4
2018,203584,0.052
2018,1627786,0.051
2018,1628463,0.043
2018,1629093,0.0
2018,1628416,0.118
2018,204020,0.165
2018,1628399,0.087
2018,1627755,0.0
2018,203092,0.069
2018,201936,0.176
2018,1627820,0.09
2018,2199,0.057
2018,1626145,0.284
2018,2617,0.048
2018,203506,0.25
2018,1713,0.097
2018,1629053,0.0
2018,1627735,0.24
2018,1627215,0.283
2018,201961,0.086
2018,1627782,0.112
2018,1628976,0.118
2018,1628411,0.08
2018,202325,0.054
2018,202083,0.113
2018,203115,0.146
2018,1626161,0.121
2018,1626195,0.112
2018,201163,0.089
2018,1628999,0.0
2018,1627812,0.176
2018,1629139,0.063
2018,1628380,0.076
2018,203897,0.224
2018,1629155,0.0
2018,2585,0.161
2018,1629015,0.101
2018,1627753,0.0
2019,203932,0.165
2019,1628988,0.188
2019,1627846,0.068
2019,1629690,0.043
2019,1629678,0.057
2019,201143,0.187
2019,202329,0.088
2019,202692,0.179
2019,1629346,0.133
2019,1627936,0.138
2019,203458,0.083
2019,1628035,0.032
2019,1628993,0.075
2019,203459,0.073
2019,1629019,0.164
2019,1628518,0.078
2019,1629599,0.139
2019,203083,0.133
2019,2738,0.181
2019,203460,0.074
2019,203952,0.18
2019,1629014,0.098
2019,1627790,0.038
2019,203076,0.153
2019,201229,0.064
2019,1628499,0.034
2019,1628394,0.058
2019,203382,0.108
2019,203085,0.098
2019,202340,0.07
2019,1629168,0.059
2019,1628389,0.238
2019,203463,0.05
2019,1627732,0.335
2019,202687,0.079
2019,201933,0.184
2019,1626246,0.073
2019,1626171,0.112
2019,203992,0.184
2019,202711,0.099
2019,1629626,0.103
2019,202954,0.181
2019,203078,0.285
2019,1629634,0.092
2019,1629164,0.208
2019,1627742,0.192
2019,202688,0.216
2019,1628968,0.0
2019,201572,0.073
2019,1628971,0.208
2019,203998,0.076
2019,1628981,0.101
2019,1627854,0.097
2019,1627741,0.153
2019,203468,0.185
2019,101139,0.091
2019,1628997,0.122
2019,1628403,0.138
2019,1629629,0.079
2019,1629661,0.078
2019,1626166,0.182
2019,1627747,0.242
2019,2546,0.063
2019,1629035,0.111
2019,1626224,0.115
2019,1628990,0.077
2019,202718,0.1
2019,1629718,0.077
2019,1626184,0.161
2019,1627767,0.076
2019,1629002,0.164
2019,1628449,0.049
2019,1629185,0.295
2019,1629598,0.162
2019,101108,0.324
2019,1629735,0.103
2019,1626174,0.074
2019,203991,0.056
2019,1629632,0.162
2019,1628998,0.154
2019,203469,0.111
2019,1629012,0.146
2019,201147,0.063
2019,202709,0.199
2019,201584,0.044
2019,1626245,0.053
2019,1626156,0.327
2019,201571,0.281
2019,1628391,0.104
2019,1629610,0.06
2019,1627745,0.057
2019,203081,0.335
2019,1627814,0.139
2019,1628422,0.105
2019,1629655,0.051
2019,1628464,0.104
2019,201568,0.099
2019,201980,0.069
2019,203957,0.124
2019,1627863,0.061
2019,203967,0.105
2019,1629647,0.054
2019,1629636,0.182
2019,1629133,0.143
2019,1628021,0.046
2019,202722,0.081
2019,1628368,0.336
2019,1629631,0.079
2019,1629001,0.196
2019,201599,0.132
2019,1627761,0.13
2019,201942,0.261
2019,201960,0.116
2019,1629731,0.039
2019,1629028,0.091
2019,1627749,0.232
2019,1626153,0.215
2019,203471,0.222
2019,1628372,0.297
2019,1627756,0.147
2019,1629126,0.076
2019,202324,0.087
2019,1627884,0.068
2019,201565,0.373
2019,1628476,0.155
2019,1628401,0.203
2019,1626164,0.288
2019,1628985,0.217
2019,1629719,0.125
2019,1628984,0.345
2019,1629608,0.125
2019,203473,0.041
2019,1628415,0.104
2019,203079,0.156
2019,1627734,0.215
2019,1628378,0.214
2019,1629743,0.048
2019,1628978,0.134
2019,1627827,0.073
2019,203926,0.081
2019,1627733,0.142
2019,203110,0.31
2019,1629234,0.089
2019,1629130,0.068
2019,1628605,0.0
2019,1628407,0.121
2019,2730,0.048
2019,203939,0.076
2019,1629058,0.131
2019,202734,0.11
2019,202334,0.062
2019,1628410,0.167
2019,203901,0.347
2019,1629059,0.227
2019,1626144,0.212
2019,202683,0.084
2019,202339,0.275
2019,201569,0.08
2019,1628450,0.0
2019,1629672,0.126
2019,101141,0.065
2019,203095,0.16
2019,202323,0.235
2019,1628402,0.107
2019,1626163,0.144
2019,1628412,0.372
2019,1628373,0.209
2019,1627832,0.281
2019,1627788,0.073
2019,1629216,0.12
2019,202066,0.132
2019,1629726,0.063
2019,1629109,0.043
2019,203914,0.091
2019,1627780,0.158
2019,1629018,0.064
2019,201588,0.196
2019,1627777,0.069
2019,203507,0.328
2019,203922,0.081
2019,1629048,0.066
2019,201609,0.297
2019,202330,0.178
2019,203476,0.107
2019,1629684,0.085
2019,1628960,0.104
2019,1628977,0.06
2019,203084,0.092
2019,1628385,0.135
2019,202355,0.058
2019,1627740,0.125
2019,101133,0.084
2019,1629649,0.114
2019,202697,0.078
2019,1629067,0.081
2019,1628392,0.095
2019,1629676,0.0
2019,202738,0.224
2019,202397,0.266
2019,1627826,0.091
2019,200826,0.365
2019,1629122,0.0
2019,200755,0.107
2019,2747,0.056
2019,1629630,0.354
2019,203960,0.058
2019,203210,0.051
2019,201580,0.044
2019,203953,0.11
2019,1628980,0.12
2019,203109,0.117
2019,1626143,0.121
2019,1627774,0.041
2019,1627751,0.126
2019,1628973,0.265
2019,1629665,0.118
2019,1629667,0.069
2019,2037,0.5
2019,1627750,0.228
2019,203516,0.067
2019,201935,0.366
2019,201949,0.177
2019,201162,0.104
2019,1629607,0.0
2019,1628991,0.073
2019,1629020,0.057
2019,1629714,0.193
2019,1628386,0.086
2019,1629633,0.105
2019,1627784,0.0
2019,1629750,0.079
2019,1629637,0.074
2019,1627759,0.095
2019,1629658,0.054
2019,1629669,0.194
2019,1628369,0.143
2019,201145,0.082
2019,201952,0.306
2019,203924,0.068
2019,1629725,0.3
2019,203087,0.107
2019,202951,0.308
2019,1626170,0.161
2019,1629010,0.123
2019,1628975,0.129
2019,202710,0.283
2019,201149,0.259
2019,1629147,0.063
2019,203925,0.1
2019,204060,0.244
2019,203954,0.178
2019,1628381,0.075
2019,203089,0.133
2019,1629723,0.161
2019,1628405,0.308
2019,1629140,0.064
2019,1628413,0.0
2019,202685,0.109
2019,1628371,0.074
2019,1628395,0.09
2019,1629648,0.235
2019,203903,0.13
2019,1629162,0.303
2019,203895,0.174
2019,1629673,0.16
2019,1627982,0.154
2019,1628404,0.084
2019,1628367,0.125
2019,203705,0.238
2019,1629006,0.089
2019,1629729,0.158
2019,1626196,0.138
2019,201950,0.284
2019,1629308,0.144
2019,1627823,0.063
2019,203944,0.158
2019,1626147,0.099
2019,203200,0.068
2019,1628382,0.067
2019,1629713,0.118
2019,1628383,0.111
2019,1629620,0.194
2019,1629625,0.292
2019,1626159,0.183
2019,203994,0.179
2019,1629752,0.053
2019,1629644,0.077
2019,1628443,0.259
2019,1626157,0.21
2019,202695,0.255
2019,1628966,0.064
2019,1629103,0.071
2019,1629640,0.066
2019,203482,0.131
2019,1626162,0.066
2019,202689,0.232
2019,1629134,0.182
2019,1629026,0.087
2019,203145,0.077
2019,203484,0.085
2019,1628987,0.192
2019,1628989,0.171
2019,1628995,0.076
2019,201567,0.15
2019,1629645,0.147
2019,1626172,0.12
2019,203920,0.079
2019,203114,0.212
2019,1629017,0.097
2019,1628961,0.1
2019,1627739,0.198
2019,204001,0.088
2019,1629065,0.202
2019,1629734,0.0
2019,203937,0.163
2019,1629657,0.125
2019,2594,0.092
2019,1628398,0.076
2019,200768,0.309
2019,203124,0.225
2019,202681,0.331
2019,200746,0.117
2019,202498,0.078
2019,1629013,0.09
2019,204038,0.089
2019,1626204,0.126
2019,1628374,0.077
2019,2544,0.477
2019,1629022,0.099
2019,1628366,0.292
2019,101150,0.294
2019,1629663,0.125
2019,201601,0.0
2019,1629652,0.045
2019,1629029,0.454
2019,1629677,0.182
2019,1628379,0.188
2019,1628436,0.082
2019,1627763,0.35
2019,1626259,0.082
2019,1627736,0.093
2019,1628370,0.168
2019,1629005,0.0
2019,201188,0.173
2019,201158,0.102
2019,202694,0.066
2019,203935,0.214
2019,1629621,0.053
2019,1626209,0.08
2019,1628365,0.273
2019,202693,0.1
2019,1629741,0.127
2019,1629716,0.0
2019,1627737,0.15
2019,1628963,0.05
2019,101107,0.076
2019,203486,0.21
2019,1629680,0.081
2019,1629760,0.071
2019,1629744,0.076
2019,203521,0.297
2019,203090,0.062
2019,1629622,0.0
2019,1628467,0.065
2019,1628982,0.039
2019,203086,0.075
2019,1629662,0.05
2019,203487,0.192
2019,1626187,0.021
2019,203077,0.077
2019,1629008,0.074
2019,1628969,0.086
2019,201144,0.236
2019,203488,0.106
2019,203118,0.064
2019,1628970,0.092
2019,1629011,0.039
2019,1629671,0.051
2019,1628964,0.077
2019,1628420,0.219
2019,1626149,0.102
2019,1629021,0.1
2019,1629650,0.048
2019,1628539,0.053
2019,1626167,0.057
2019,1629642,0.05
2019,1628513,0.25
2019,1629675,0.106
2019,202357,0.141
2019,203457,0.079
2019,1629651,0.142
2019,1629638,0.212
2019,201587,0.173
2019,1629740,0.112
2019,1628430,0.158
2019,203999,0.35
2019,202696,0.182
2019,203943,0.115
2019,1626181,0.095
2019,203658,0.049
2019,1628384,0.074
2019,1629016,0.086
2019,1629052,0.074
2019,203490,0.113
2019,200782,0.061
2019,1629023,0.115
2019,1628408,0.216
2019,1627783,0.161
2019,1626192,0.115
2019,201976,0.18
2019,1627775,0.118
2019,202335,0.075
2019,201988,0.112
2019,202331,0.205
2019,200794,0.093
2019,1628778,0.107
2019,1626188,0.139
2019,1629683,0.183
2019,1629628,0.127
2019,200765,0.34
2019,203526,0.218
2019,1629730,0.043
2019,203493,0.087
2019,202704,0.263
2019,1626158,0.05
2019,201937,0.377
2019,203496,0.059
2019,1629057,0.099
2019,201577,0.068
2019,1629066,0.105
2019,203918,0.068
2019,203585,0.055
2019,1629641,0.045
2019,1626178,0.141
2019,1626220,0.116
2019,200752,0.116
2019,203497,0.065
2019,1629060,0.088
2019,201566,0.34
2019,201583,0.167
2019,1627853,0.143
2019,1629151,0.083
2019,1629635,0.037
2019,1628400,0.051
2019,201586,0.086
2019,203552,0.117
2019,203894,0.295
2019,1628983,0.148
2019,1629003,0.182
2019,1629044,0.4
2019,1627885,0.147
2019,1628414,0.143
2019,1627746,0.106
2019,203524,0.124
2019,203915,0.344
2019,1626169,0.2
2019,1629742,0.1
2019,201939,0.355
2019,1628425,0.094
2019,203500,0.128
2019,1629004,0.12
2019,1628388,0.057
2019,204456,0.354
2019,203933,0.072
2019,1629605,0.067
2019,201959,0.077
2019,1629659,0.107
2019,1629745,0.0
2019,1627752,0.09
2019,1629611,0.209
2019,1629056,0.14
2019,1628390,0.055
2019,203082,0.072
2019,1626179,0.209
2019,200757,0.074
2019,201152,0.113
2019,203648,0.174
2019,1629033,0.24
2019,1628418,0.107
2019,1627748,0.088
2019,204025,0.391
2019,203501,0.096
2019,1627789,0.052
2019,202699,0.145
2019,203107,0.269
2019,1628396,0.051
2019,203503,0.11
2019,1628470,0.061
2019,1629027,0.423
2019,1629682,0.195
2019,1626203,0.069
2019,2772,0.081
2019,203504,0.234
2019,1626168,0.072
2019,202684,0.106
2019,1628972,0.142
2019,203584,0.047
2019,1629660,0.222
2019,1629076,0.031
2019,1629639,0.131
2019,204020,0.153
2019,203092,0.0
2019,1627820,0.123
2019,2199,0.037
2019,1626145,0.314
2019,2617,0.048
2019,1629724,0.086
2019,203506,0.159
2019,1713,0.081
2019,1629738,0.088
2019,1628427,0.086
2019,201961,0.117
2019,1628976,0.062
2019,1629117,0.046
2019,1628411,0.089
2019,202083,0.07
2019,203115,0.157
2019,1629739,0.2
2019,1626161,0.098
2019,1626195,0.136
2019,201163,0.08
2019,1627812,0.196
2019,1629139,0.066
2019,1628380,0.067
2019,203897,0.218
2019,1629668,0.091
2019,1629015,0.083
2019,1629627,0.119
2019,1629597,0.094
2020,203932,0.165
2020,1628988,0.139
2020,1630174,0.047
2020,1627846,0.078
2020,1629690,0.179
2020,201143,0.206
2020,202329,0.101
2020,202692,0.135
2020,1630197,0.133
2020,1629346,0.078
2020,1627936,0.19
2020,203458,0.069
2020,1628035,0.036
2020,1628993,0.11
2020,1628578,0.042
2020,1629599,0.09
2020,2760,0.15
2020,203083,0.124
2020,2738,0.153
2020,203460,0.098
2020,203952,0.11
2020,1629014,0.117
2020,203076,0.154
2020,1630162,0.142
2020,1630264,0.073
2020,1630237,0.08
2020,201229,0.025
2020,1628394,0.333
2020,1629717,0.09
2020,203382,0.07
2020,1630204,0.0
2020,203085,0.136
2020,202340,0.108
2020,1626253,0.098
2020,1628389,0.267
2020,203463,0.064
2020,1627732,0.308
2020,202687,0.087
2020,201933,0.171
2020,1626246,0.06
2020,1626171,0.075
2020,203992,0.169
2020,202711,0.091
2020,1629626,0.067
2020,202954,0.251
2020,203078,0.202
2020,1629634,0.094
2020,1629164,0.246
2020,1627742,0.218
2020,1628968,0.0
2020,1630271,0.115
2020,201572,0.033
2020,1628971,0.099
2020,203998,0.048
2020,1628981,0.069
2020,1627854,0.045
2020,1627741,0.141
2020,1629604,0.076
2020,203468,0.22
2020,1628997,0.123
2020,1629629,0.066
2020,1629244,0.095
2020,1629661,0.083
2020,1628419,0.086
2020,1626166,0.281
2020,1627747,0.255
2020,2546,0.097
2020,1629035,0.075
2020,1630199,0.017
2020,1630216,0.222
2020,1626224,0.173
2020,1628990,0.061
2020,1629718,0.08
2020,1626184,0.143
2020,1629002,0.08
2020,1628449,0.068
2020,1629185,0.382
2020,101108,0.405
2020,1629735,0.102
2020,1626174,0.089
2020,1629643,0.132
2020,203991,0.039
2020,1629632,0.218
2020,1628998,0.138
2020,203469,0.125
2020,1630175,0.241
2020,1629012,0.222
2020,202709,0.204
2020,1626245,0.155
2020,1626156,0.323
2020,201571,0.223
2020,1628391,0.088
2020,1629610,0.059
2020,1629751,0.157
2020,1627745,0.075
2020,203081,0.334
2020,1627814,0.094
2020,1628422,0.161
2020,1629655,0.051
2020,1630187,0.092
2020,1628464,0.097
2020,201568,0.099
2020,201980,0.08
2020,203957,0.155
2020,1627863,0.11
2020,203967,0.104
2020,1629647,0.091
2020,1629636,0.298
2020,203121,0.151
2020,1628021,0.07
2020,202722,0.043
2020,1628368,0.326
2020,1629631,0.098
2020,1629001,0.172
2020,201599,0.099
2020,1627761,0.157
2020,201942,0.309
2020,202326,0.174
2020,1629731,0.094
2020,1629028,0.066
2020,1629686,0.062
2020,1627749,0.246
2020,1626153,0.237
2020,1630166,0.064
2020,203471,0.262
2020,1628372,0.276
2020,1627756,0.144
2020,202324,0.059
2020,1627884,0.049
2020,201565,0.276
2020,1628401,0.168
2020,1630217,0.105
2020,1626164,0.2
2020,1629962,0.023
2020,1630170,0.071
2020,1629653,0.2
2020,1629719,0.013
2020,1628984,0.272
2020,203473,0.083
2020,1629712,0.073
2020,1628415,0.112
2020,1627734,0.283
2020,1628378,0.266
2020,1629743,0.102
2020,1628978,0.137
2020,1627827,0.07
2020,203926,0.075
2020,203110,0.345
2020,1629234,0.086
2020,1629130,0.082
2020,1628407,0.08
2020,2730,0.076
2020,203939,0.09
2020,1629685,0.089
2020,202734,0.14
2020,202334,0.1
2020,1628410,0.075
2020,203901,0.209
2020,1629091,0.13
2020,1630190,0.158
2020,202683,0.069
2020,202339,0.17
2020,201569,0.147
2020,1629672,0.125
2020,101141,0.04
2020,203095,0.17
2020,1630267,0.215
2020,1628402,0.079
2020,1626163,0.154
2020,1628412,0.218
2020,1628373,0.095
2020,1627832,0.264
2020,1630273,0.034
2020,1627788,0.111
2020,1629216,0.161
2020,1630466,0.16
2020,202066,0.104
2020,1629726,0.032
2020,1629109,0.064
2020,203914,0.102
2020,1627780,0.037
2020,1629018,0.067
2020,201588,0.156
2020,1627777,0.071
2020,203507,0.282
2020,203922,0.075
2020,1629048,0.087
2020,201609,0.26
2020,202330,0.189
2020,203476,0.13
2020,1630203,0.3
2020,1629684,0.079
2020,1628960,0.116
2020,204222,0.0
2020,1628977,0.133
2020,203084,0.128
2020,1628385,0.125
2020,202355,0.058
2020,1627740,0.208
2020,1629649,0.1
2020,202697,0.0
2020,1630193,0.164
2020,1629067,0.072
2020,1630171,0.086
2020,1628392,0.147
2020,1630198,0.072
2020,1629676,0.118
2020,1630191,0.064
2020,202738,0.167
2020,202397,0.242
2020,1627826,0.079
2020,200755,0.098
2020,1629630,0.321
2020,203960,0.017
2020,203210,0.07
2020,201580,0.098
2020,203953,0.105
2020,1630183,0.064
2020,203109,0.102
2020,1630256,0.127
2020,1626143,0.066
2020,1630186,0.088
2020,1627774,0.067
2020,1627751,0.096
2020,1628973,0.215
2020,1630223,0.153
2020,1629665,0.333
2020,1629667,0.09
2020,1630188,0.037
2020,1627750,0.197
2020,203516,0.087
2020,201935,0.442
2020,201949,0.134
2020,203263,0.094
2020,1630164,0.05
2020,201162,0.081
2020,1629607,0.125
2020,1628991,0.074
2020,1629020,0.091
2020,1629714,0.17
2020,1628386,0.087
2020,1629633,0.079
2020,1629750,0.048
2020,1629637,0.057
2020,1630206,0.015
2020,1629121,0.2
2020,1627759,0.162
2020,1629658,0.11
2020,1629669,0.13
2020,1628369,0.196
2020,201145,0.08
2020,201952,0.182
2020,203924,0.145
2020,1629725,0.091
2020,203087,0.094
2020,1629010,0.114
2020,1628975,0.136
2020,202710,0.345
2020,203925,0.081
2020,204060,0.238
2020,203954,0.156
2020,1628381,0.065
2020,1629723,0.111
2020,202322,0.365
2020,202685,0.097
2020,1629007,0.033
2020,1628395,0.13
2020,1629648,0.143
2020,203903,0.149
2020,1629162,0.292
2020,1629670,0.04
2020,1629673,0.161
2020,1630182,0.083
2020,1630221,0.118
2020,1628404,0.109
2020,1628367,0.15
2020,1629006,0.072
2020,1626196,0.123
2020,201950,0.253
2020,1629308,0.181
2020,1627823,0.055
2020,203944,0.269
2020,203200,0.07
2020,1628382,0.136
2020,1629713,0.109
2020,1628383,0.084
2020,1629620,0.15
2020,1626159,0.14
2020,203994,0.206
2020,1629752,0.101
2020,1630231,0.068
2020,1629644,0.06
2020,1630211,0.061
2020,1626157,0.216
2020,202695,0.238
2020,1628966,0.075
2020,1629103,0.071
2020,1629640,0.087
2020,1629833,0.083
2020,203482,0.151
2020,1626162,0.067
2020,202689,0.233
2020,1629134,0.14
2020,1629026,0.153
2020,203145,0.108
2020,203484,0.091
2020,201142,0.252
2020,1628989,0.161
2020,1628995,0.064
2020,201567,0.153
2020,1629645,0.293
2020,1626172,0.132
2020,203920,0.085
2020,203114,0.227
2020,1629017,0.21
2020,1630165,0.299
2020,1629681,0.063
2020,1630184,0.191
2020,1628961,0.023
2020,1627739,0.08
2020,204001,0.081
2020,203937,0.182
2020,1629657,0.184
2020,1628398,0.1
2020,200768,0.311
2020,202681,0.269
2020,200746,0.109
2020,1630163,0.322
2020,1630205,0.079
2020,1629013,0.097
2020,204038,0.08
2020,1626204,0.145
2020,1628374,0.051
2020,2544,0.394
2020,1629022,0.095
2020,1628366,0.246
2020,101150,0.233
2020,1629663,0.18
2020,1629652,0.09
2020,1629029,0.425
2020,1629677,0.073
2020,1628379,0.12
2020,1628436,0.095
2020,1630201,0.225
2020,1627763,0.271
2020,1627736,0.114
2020,1630238,0.0
2020,1628370,0.155
2020,1629603,0.079
2020,201188,0.145
2020,202694,0.056
2020,203935,0.227
2020,1628365,0.293
2020,202693,0.088
2020,1630210,0.145
2020,1629716,0.0
2020,1627737,0.2
2020,1628963,0.057
2020,1630222,0.211
2020,203486,0.205
2020,1629680,0.064
2020,1629744,0.096
2020,203521,0.337
2020,203090,0.071
2020,1629622,0.074
2020,1628467,0.066
2020,203086,0.105
2020,1629662,0.099
2020,203487,0.238
2020,1629008,0.052
2020,1628969,0.085
2020,201144,0.303
2020,1628455,0.303
2020,203488,0.069
2020,203118,0.064
2020,1628970,0.113
2020,1629011,0.03
2020,1629671,0.071
2020,1628964,0.082
2020,1628420,0.172
2020,1626149,0.078
2020,1629021,0.107
2020,1629650,0.017
2020,1628539,0.047
2020,1626167,0.047
2020,1630230,0.165
2020,1629642,0.049
2020,1630268,0.111
2020,1630207,0.151
2020,1630233,0.045
2020,1629675,0.088
2020,202357,0.16
2020,203457,0.041
2020,1629651,0.068
2020,1630208,0.054
2020,1629638,0.155
2020,1630185,0.27
2020,201587,0.105
2020,1629740,0.108
2020,203999,0.377
2020,202696,0.207
2020,203943,0.143
2020,1626181,0.089
2020,203658,0.032
2020,1628384,0.098
2020,1630167,0.065
2020,1630168,0.047
2020,1629052,0.042
2020,203490,0.133
2020,200782,0.057
2020,1629023,0.12
2020,1628408,0.116
2020,1627783,0.195
2020,1626192,0.064
2020,201976,0.123
2020,1627775,0.19
2020,202335,0.069
2020,1630172,0.068
2020,201988,0.142
2020,202331,0.239
2020,200794,0.113
2020,1630194,0.107
2020,1628778,0.081
2020,1630202,0.136
2020,1630173,0.064
2020,1626188,0.184
2020,1629683,0.107
2020,1630181,0.155
2020,1629628,0.134
2020,200765,0.375
2020,203526,0.141
2020,1629034,0.0
2020,1629730,0.154
2020,203493,0.072
2020,202704,0.185
2020,1629617,0.097
2020,1626158,0.082
2020,201937,0.33
2020,203496,0.066
2020,1629606,0.07
2020,1629057,0.137
2020,1630218,0.056
2020,201577,0.06
2020,1629066,0.115
2020,203918,0.083
2020,203585,0.128
2020,1629641,0.069
2020,1626178,0.169
2020,1626220,0.103
2020,200752,0.1
2020,203497,0.059
2020,1629060,0.062
2020,201566,0.477
2020,1627853,0.176
2020,1630240,0.333
2020,1630180,0.077
2020,1630241,0.135
2020,1630253,0.043
2020,1629635,0.08
2020,1628400,0.054
2020,201586,0.11
2020,203552,0.131
2020,1628983,0.311
2020,1629003,0.21
2020,1627885,0.109
2020,1628414,0.135
2020,1630219,0.18
2020,203524,0.065
2020,203915,0.173
2020,1626169,0.127
2020,201939,0.283
2020,1628425,0.088
2020,203500,0.088
2020,1629004,0.127
2020,1628388,0.038
2020,204456,0.337
2020,203933,0.06
2020,1629605,0.028
2020,201959,0.054
2020,1629659,0.209
2020,1627752,0.121
2020,1629611,0.114
2020,1629056,0.122
2020,1628390,0.057
2020,203082,0.133
2020,1626179,0.193
2020,201152,0.253
2020,203648,0.113
2020,1630177,0.197
2020,1629033,0.063
2020,1628418,0.079
2020,1627748,0.1
2020,204025,0.333
2020,203501,0.098
2020,1627789,0.088
2020,202699,0.175
2020,203107,0.278
2020,1628396,0.077
2020,203503,0.08
2020,1628470,0.084
2020,1629027,0.426
2020,1630200,0.228
2020,1629682,0.38
2020,1630235,0.205
2020,2772,0.089
2020,203504,0.129
2020,1626168,0.06
2020,202684,0.073
2020,1628972,0.076
2020,1629660,0.229
2020,1630234,0.2
2020,1630189,0.063
2020,1629076,0.057
2020,1629639,0.184
2020,204020,0.091
2020,1630179,0.158
2020,1630169,0.247
2020,1630178,0.207
2020,1626145,0.305
2020,1628962,0.0
2020,2617,0.0
2020,1630176,0.028
2020,203506,0.233
2020,1629738,0.08
2020,1628427,0.073
2020,201961,0.097
2020,1628976,0.116
2020,1629117,0.063
2020,1628411,0.045
2020,202083,0.065
2020,203115,0.135
2020,1630266,0.0
2020,1626161,0.053
2020,1626195,0.082
2020,1630214,0.096
2020,1627812,0.229
2020,1629139,0.079
2020,203897,0.225
2020,1630192,0.037
2020,1629627,0.188
2021,203932,0.109
2021,1630565,0.0
2021,1628988,0.223
2021,1630174,0.057
2021,1630598,0.083
2021,1627846,0.065
2021,1630278,0.0
2021,1629678,0.084
2021,1629958,0.0
2021,201143,0.159
2021,202692,0.158
2021,1630758,0.043
2021,1630197,0.161
2021,1627936,0.194
2021,203458,0.104
2021,1628035,0.034
2021,1628993,0.08
2021,1630578,0.193
2021,1629599,0.112
2021,203083,0.13
2021,2738,0.263
2021,203952,0.109
2021,1629014,0.219
2021,203076,0.147
2021,1630162,0.173
2021,1630264,0.08
2021,1630237,0.4
2021,1629717,0.105
2021,1629083,0.0
2021,1630559,0.101
2021,203085,0.082
2021,202340,0.046
2021,1630245,0.164
2021,1629168,0.0
2021,1628389,0.172
2021,203463,0.077
2021,202687,0.064
2021,201933,0.157
2021,1626246,0.044
2021,1626171,0.061
2021,203992,0.152
2021,202711,0.086
2021,1629626,0.102
2021,1630538,0.22
2021,202954,0.243
2021,203078,0.309
2021,1630527,0.103
2021,1629634,0.101
2021,1629164,0.278
2021,1627742,0.268
2021,202688,0.2
2021,1630314,0.235
2021,1630296,0.077
2021,1630271,0.239
2021,201572,0.03
2021,1628971,0.114
2021,1628981,0.082
2021,1627854,0.086
2021,1627741,0.135
2021,1629604,0.109
2021,203468,0.238
2021,101139,0.0
2021,1630595,0.283
2021,1628997,0.068
2021,1629629,0.078
2021,1630560,0.102
2021,1629661,0.079
2021,1630787,0.086
2021,1628419,0.097
2021,1626166,0.318
2021,1627747,0.219
2021,1630637,0.417
2021,2546,0.056
2021,1629035,0.25
2021,1630199,0.043
2021,1630216,0.28
2021,1627760,0.2
2021,1626224,0.144
2021,1628990,0.105
2021,1629646,0.07
2021,1629718,0.045
2021,1630602,0.056
2021,1627767,0.0
2021,1629002,0.071
2021,1628449,0.022
2021,1629185,0.264
2021,1630537,0.11
2021,101108,0.434
2021,1629735,0.13
2021,1626174,0.124
2021,1629643,0.104
2021,203991,0.062
2021,1629632,0.147
2021,1628998,0.124
2021,203469,0.087
2021,1630175,0.281
2021,1629012,0.125
2021,1630557,0.064
2021,202709,0.22
2021,1628591,0.1
2021,1626156,0.32
2021,201571,0.176
2021,1628391,0.147
2021,1629610,0.167
2021,1630227,0.208
2021,1629751,0.125
2021,1630625,0.197
2021,1627745,0.106
2021,203081,0.321
2021,1627814,0.072
2021,1628422,0.071
2021,1629655,0.071
2021,1630187,0.0
2021,1628464,0.068
2021,201568,0.086
2021,201980,0.065
2021,1627863,0.087
2021,1629647,0.078
2021,1629636,0.378
2021,201954,0.063
2021,1630561,0.066
2021,1630525,0.0
2021,1628021,0.085
2021,1630558,0.235
2021,202722,0.054
2021,1628432,0.115
2021,1630549,0.062
2021,1628368,0.254
2021,1629631,0.06
2021,1629001,0.157
2021,201599,0.051
2021,1627761,0.087
2021,1630610,0.0
2021,201942,0.228
2021,202326,0.153
2021,1629731,0.077
2021,1629028,0.071
2021,1629686,0.063
2021,1627749,0.388
2021,1626153,0.178
2021,1630166,0.117
2021,203471,0.256
2021,1628372,0.311
2021,1627756,0.074
2021,202324,0.061
2021,1627884,0.043
2021,201565,0.266
2021,1628476,0.269
2021,1628401,0.231
2021,1630217,0.136
2021,1626164,0.212
2021,1629962,0.102
2021,1630170,0.096
2021,1629653,0.283
2021,1629719,0.073
2021,1628984,0.21
2021,203473,0.069
2021,1629712,0.07
2021,1628415,0.147
2021,1627734,0.239
2021,1628378,0.267
2021,1628978,0.167
2021,1627827,0.08
2021,203926,0.068
2021,203110,0.325
2021,1629234,0.107
2021,1630613,0.128
2021,1629130,0.095
2021,2730,0.049
2021,203939,0.081
2021,1629685,0.111
2021,202334,0.053
2021,203901,0.252
2021,1630190,0.079
2021,1629150,0.222
2021,1626144,0.571
2021,202683,0.027
2021,202339,0.251
2021,201569,0.137
2021,1629672,0.074
2021,1630647,0.167
2021,203095,0.114
2021,1630596,0.117
2021,1630267,0.276
2021,1630624,0.2
2021,1628402,0.077
2021,1626163,0.105
2021,1628373,0.149
2021,1630532,0.151
2021,1627832,0.266
2021,1630273,0.061
2021,1627788,0.129
2021,1629216,0.198
2021,1628221,0.222
2021,1630466,0.147
2021,1630994,0.268
2021,202066,0.102
2021,1629726,0.052
2021,1629109,0.067
2021,203914,0.094
2021,1627780,0.076
2021,1629018,0.085
2021,201588,0.124
2021,1628994,0.0
2021,1627777,0.09
2021,1630686,0.09
2021,203507,0.304
2021,1629048,0.11
2021,201609,0.227
2021,202330,0.16
2021,203476,0.155
2021,1629684,0.058
2021,1628960,0.075
2021,1630535,0.087
2021,202328,0.162
2021,1628977,0.098
2021,203084,0.103
2021,202355,0.031
2021,1629755,0.177
2021,1629312,0.052
2021,1630529,0.097
2021,1629649,0.11
2021,1630193,0.244
2021,1629067,0.089
2021,1630171,0.083
2021,1628392,0.193
2021,1630543,0.027
2021,1630198,0.08
2021,1630587,0.077
2021,1629676,0.117
2021,1630191,0.07
2021,202738,0.155
2021,1630225,0.095
2021,202397,0.318
2021,1630688,0.057
2021,1627826,0.097
2021,1630550,0.097
2021,1629630,0.33
2021,203210,0.084
2021,1630605,0.2
2021,201580,0.055
2021,203953,0.094
2021,1630183,0.063
2021,1630531,0.0
2021,203109,0.08
2021,1630256,0.171
2021,1630186,0.075
2021,1630693,0.0
2021,1627774,0.055
2021,1627751,0.131
2021,1628973,0.237
2021,1630224,0.132
2021,1630552,0.045
2021,1629667,0.089
2021,1630188,0.038
2021,1630591,0.249
2021,1630547,0.132
2021,203516,0.081
2021,201935,0.401
2021,201949,0.153
2021,1630691,0.057
2021,1630215,0.258
2021,1629607,0.538
2021,1628991,0.058
2021,1629020,0.066
2021,1628386,0.079
2021,1629633,0.135
2021,1629600,0.1
2021,1629602,0.0
2021,1629750,0.051
2021,1630606,0.121
2021,1629637,0.047
2021,1630643,0.071
2021,1630206,0.095
2021,1627759,0.173
2021,1629658,0.113
2021,1628537,0.143
2021,1629669,0.197
2021,1629873,0.333
2021,1628369,0.204
2021,1630288,0.139
2021,201145,0.071
2021,1629203,0.0
2021,203924,0.13
2021,1630526,0.069
2021,203087,0.124
2021,1630579,0.054
2021,1628975,0.148
2021,202710,0.264
2021,1629111,0.115
2021,203925,0.047
2021,204060,0.195
2021,2207,0.0
2021,1630580,0.065
2021,1630555,0.364
2021,203954,0.236
2021,1628381,0.088
2021,1629723,0.109
2021,1630257,0.167
2021,202685,0.137
2021,1630228,0.087
2021,1628395,0.0
2021,203903,0.144
2021,1630692,0.0
2021,1629162,0.258
2021,1629670,0.071
2021,1629673,0.207
2021,1630648,0.0
2021,1630631,0.261
2021,1630528,0.17
2021,1630581,0.325
2021,1630182,0.11
2021,1628404,0.19
2021,1628367,0.105
2021,1629006,0.066
2021,1626196,0.105
2021,1630563,0.111
2021,201950,0.297
2021,1629308,0.18
2021,1627823,0.064
2021,203944,0.251
2021,1626147,0.135
2021,1630551,0.051
2021,203200,0.086
2021,1628382,0.125
2021,1629620,0.175
2021,1626159,0.155
2021,203994,0.16
2021,1629752,0.043
2021,1630231,0.091
2021,1629644,0.082
2021,1630539,0.103
2021,1626157,0.177
2021,1626208,0.162
2021,1628966,0.059
2021,1629103,0.072
2021,1629640,0.091
2021,1629833,0.083
2021,203482,0.214
2021,1626162,0.063
2021,202689,0.22
2021,1629026,0.159
2021,203145,0.085
2021,203484,0.09
2021,1630553,0.174
2021,1630556,0.04
2021,201142,0.274
2021,1628989,0.125
2021,1628995,0.077
2021,201567,0.153
2021,1630698,0.246
2021,1629645,0.302
2021,1626172,0.127
2021,203920,0.074
2021,203114,0.246
2021,1630165,0.243
2021,1629681,0.061
2021,1630184,0.239
2021,202691,0.153
2021,1627739,0.339
2021,204001,0.133
2021,203937,0.162
2021,1629657,0.149
2021,1628398,0.164
2021,200768,0.321
2021,202681,0.235
2021,200746,0.062
2021,1630163,0.341
2021,1630205,0.066
2021,202362,0.298
2021,1629013,0.104
2021,204038,0.156
2021,1626204,0.115
2021,1628374,0.062
2021,2544,0.297
2021,1630195,0.118
2021,1629623,0.167
2021,1630322,0.078
2021,1629022,0.137
2021,1628366,0.203
2021,101150,0.196
2021,1629663,0.125
2021,1629652,0.087
2021,1629029,0.458
2021,1630568,0.086
2021,1628379,0.111
2021,1628436,0.108
2021,1630640,0.167
2021,1630644,0.059
2021,1630201,0.185
2021,1627763,0.271
2021,1630792,0.05
2021,1627736,0.085
2021,1630238,0.125
2021,1628370,0.144
2021,1629005,1.0
2021,1629603,0.018
2021,1630585,0.069
2021,202694,0.114
2021,203935,0.245
2021,1628365,0.448
2021,202693,0.116
2021,1630250,0.0
2021,1630210,0.068
2021,1627737,0.079
2021,1628963,0.049
2021,1630222,0.129
2021,203486,0.165
2021,1629680,0.063
2021,1629760,0.0
2021,1630346,0.0
2021,1629744,0.059
2021,203090,0.035
2021,1629622,0.086
2021,1628467,0.067
2021,1630593,0.231
2021,1628982,0.013
2021,1630695,0.0
2021,1629008,0.085
2021,1628969,0.084
2021,201144,0.281
2021,203488,0.06
2021,1628970,0.153
2021,1630540,0.159
2021,1629011,0.032
2021,1629671,0.179
2021,1628964,0.073
2021,1628420,0.201
2021,1626149,0.139
2021,1629021,0.151
2021,1629650,0.005
2021,1630541,0.056
2021,1630589,0.182
2021,1628539,0.031
2021,1629619,0.088
2021,1626167,0.053
2021,1630230,0.126
2021,1629642,0.074
2021,1630207,0.0
2021,1630233,0.126
2021,1629675,0.091
2021,1629674,0.076
2021,202357,0.204
2021,203457,0.06
2021,1629651,0.066
2021,1630208,0.054
2021,1629638,0.166
2021,201587,0.099
2021,203917,0.065
2021,203999,0.388
2021,202696,0.153
2021,1626181,0.106
2021,203658,0.0
2021,1628384,0.108
2021,1630167,0.105
2021,1630846,0.066
2021,1630209,0.105
2021,1630168,0.078
2021,1629052,0.064
2021,203490,0.097
2021,200782,0.107
2021,1629023,0.112
2021,1628408,0.135
2021,1628238,0.0
2021,1627783,0.224
2021,1626192,0.067
2021,201976,0.249
2021,1630172,0.051
2021,201988,0.106
2021,202331,0.286
2021,200794,0.121
2021,1630194,0.081
2021,1628778,0.074
2021,1630202,0.222
2021,1627822,0.115
2021,1630173,0.072
2021,1629656,0.095
2021,1629683,0.102
2021,1630181,0.179
2021,1629628,0.146
2021,200765,0.366
2021,203526,0.228
2021,1629730,0.172
2021,203493,0.06
2021,202704,0.245
2021,1629617,0.118
2021,1626158,0.068
2021,201937,0.348
2021,1630306,0.0
2021,203496,0.066
2021,1629057,0.095
2021,1630218,0.086
2021,201577,0.142
2021,203918,0.074
2021,203585,0.094
2021,1629641,0.04
2021,1626220,0.104
2021,1630612,0.343
2021,200752,0.078
2021,203497,0.052
2021,1629060,0.08
2021,201566,0.311
2021,1627853,0.091
2021,1630240,0.274
2021,1630180,0.138
2021,1626155,0.0
2021,1630573,0.095
2021,1630241,0.108
2021,1630572,0.084
2021,1630583,0.08
2021,1630567,0.15
2021,1630575,0.2
2021,203816,0.091
2021,1629635,0.0
2021,1628400,0.033
2021,201586,0.084
2021,203552,0.162
2021,1628983,0.293
2021,1629003,0.178
2021,1629783,0.25
2021,1627885,0.188
2021,1630536,0.313
2021,1630219,0.12
2021,203524,0.117
2021,203915,0.27
2021,1626169,0.094
2021,201939,0.286
2021,1628425,0.078
2021,203500,0.155
2021,1629004,0.094
2021,204456,0.287
2021,1629605,0.048
2021,201959,0.05
2021,1629659,0.153
2021,1627752,0.08
2021,1629611,0.131
2021,1629056,0.107
2021,203082,0.127
2021,1626179,0.197
2021,1630678,0.081
2021,201152,0.177
2021,203648,0.071
2021,1630177,0.188
2021,1629033,0.181
2021,1628418,0.083
2021,204025,0.254
2021,203501,0.115
2021,1627789,0.08
2021,202699,0.158
2021,203107,0.285
2021,1628396,0.065
2021,203503,0.047
2021,1628470,0.082
2021,1629027,0.442
2021,1629309,0.0
2021,1630200,0.28
2021,1630544,0.108
2021,1629682,0.179
2021,1630570,0.152
2021,1630235,0.188
2021,1630243,0.074
2021,1630286,0.0
2021,2772,0.079
2021,203504,0.219
2021,1626168,0.09
2021,1630530,0.065
2021,202684,0.054
2021,1628972,0.082
2021,1629660,0.229
2021,1629076,0.021
2021,1629788,0.0
2021,1629639,0.205
2021,204020,0.1
2021,1630179,0.0
2021,1630169,0.335
2021,1630178,0.191
2021,1627820,0.017
2021,1626145,0.285
2021,1628962,0.0
2021,2617,0.077
2021,1630586,0.084
2021,1630176,0.0
2021,203506,0.277
2021,1628427,0.139
2021,1630249,0.117
2021,201961,0.055
2021,1627782,0.091
2021,1628976,0.15
2021,1629117,0.053
2021,1628411,0.0
2021,202083,0.047
2021,203115,0.171
2021,1626161,0.074
2021,1626195,0.113
2021,1629875,0.245
2021,1630270,0.036
2021,1630214,0.127
2021,1629139,0.067
2021,1630582,0.024
2021,1628380,0.17
2021,203897,0.207
2021,1630285,0.25
2021,1630192,0.037
2021,1630533,0.062
2021,1629597,0.0
2022,1630639,0.032
2022,1631260,0.092
2022,1631100,0.07
2022,203932,0.129
2022,1628988,0.135
2022,1630174,0.073
2022,1630598,0.084
2022,1629678,0.103
2022,201143,0.128
2022,202692,0.15
2022,1630197,0.13
2022,1627936,0.155
2022,203458,0.099
2022,1628993,0.042
2022,1631214,0.0
2022,1630578,0.199
2022,1629599,0.119
2022,203083,0.057
2022,2738,0.183
2022,1629614,0.222
2022,203952,0.1
2022,1629014,0.186
2022,203076,0.128
2022,1630162,0.192
2022,1630264,0.074
2022,1630237,0.111
2022,1630559,0.155
2022,203085,0.095
2022,1630245,0.135
2022,1628389,0.154
2022,1627732,0.295
2022,1631097,0.078
2022,202687,0.089
2022,201933,0.142
2022,1631104,0.201
2022,1626246,0.079
2022,1626171,0.087
2022,203992,0.134
2022,202711,0.133
2022,1629626,0.069
2022,1630538,0.245
2022,203078,0.26
2022,1630527,0.129
2022,1629634,0.1
2022,1627742,0.277
2022,1630296,0.0
2022,201572,0.06
2022,1628971,0.164
2022,1628981,0.117
2022,1631121,0.098
2022,1627854,0.087
2022,1631205,0.059
2022,1627741,0.131
2022,203468,0.242
2022,1630595,0.306
2022,1631216,0.051
2022,1628997,0.082
2022,1629629,0.085
2022,1630560,0.133
2022,1629661,0.099
2022,1626166,0.308
2022,1627747,0.182
2022,1630637,0.133
2022,1626224,0.107
2022,1628435,0.0
2022,1629646,0.131
2022,1631320,0.25
2022,1629002,0.08
2022,1628449,0.029
2022,1630537,0.101
2022,101108,0.389
2022,1629735,0.0
2022,1631128,0.07
2022,1631132,0.05
2022,1626174,0.119
2022,1629643,0.101
2022,203991,0.045
2022,1629632,0.159
2022,1628998,0.111
2022,203469,0.077
2022,1630175,0.228
2022,1631306,0.105
2022,1629012,0.178
2022,1630557,0.056
2022,202709,0.256
2022,1626156,0.274
2022,1630227,0.191
2022,1630625,0.202
2022,1631207,0.157
2022,1627745,0.044
2022,203081,0.338
2022,1627814,0.092
2022,1629655,0.074
2022,1628464,0.125
2022,201980,0.065
2022,1627863,0.074
2022,203967,0.131
2022,1629647,0.088
2022,1630620,0.067
2022,1629636,0.328
2022,1630561,0.145
2022,1631223,0.064
2022,1630558,0.173
2022,202722,0.065
2022,1628432,0.099
2022,1630549,0.099
2022,1628368,0.281
2022,1629631,0.059
2022,1629001,0.133
2022,201599,0.084
2022,201942,0.222
2022,1629731,0.056
2022,1629028,0.09
2022,1627749,0.239
2022,1626153,0.209
2022,1630166,0.142
2022,203471,0.202
2022,1628372,0.275
2022,1629126,0.0
2022,1631220,0.0
2022,1627884,0.052
2022,201565,0.208
2022,1628401,0.191
2022,1630217,0.202
2022,1626164,0.251
2022,1630170,0.173
2022,1629653,0.211
2022,1628984,0.207
2022,203473,0.108
2022,1628415,0.117
2022,1627734,0.297
2022,1631230,0.079
2022,1628378,0.205
2022,1631495,0.0
2022,1628978,0.176
2022,1627827,0.07
2022,203926,0.098
2022,203110,0.268
2022,1629234,0.092
2022,1630696,0.206
2022,1630613,0.26
2022,1629130,0.101
2022,203939,0.067
2022,1629685,0.2
2022,1630700,0.172
2022,1628410,0.13
2022,201569,0.133
2022,1630647,0.065
2022,203095,0.111
2022,1630596,0.122
2022,1630267,0.3
2022,1628402,0.25
2022,1626163,0.194
2022,1628373,0.127
2022,1630532,0.167
2022,1627832,0.276
2022,1627788,0.091
2022,1629216,0.139
2022,1628221,0.109
2022,202066,0.117
2022,1629726,0.057
2022,203914,0.067
2022,1627780,0.106
2022,1629018,0.075
2022,201588,0.178
2022,1627777,0.074
2022,203507,0.314
2022,1629048,0.122
2022,201609,0.237
2022,202330,0.187
2022,203476,0.221
2022,1629684,0.086
2022,1628960,0.107
2022,1630535,0.055
2022,1628977,0.088
2022,203084,0.063
2022,1629312,0.065
2022,1630529,0.108
2022,1630193,0.178
2022,1630171,0.07
2022,1628392,0.083
2022,1630543,0.071
2022,1630198,0.087
2022,1630587,0.048
2022,1630600,0.054
2022,1629676,0.114
2022,1630191,0.073
2022,1630225,0.087
2022,202397,0.352
2022,1630688,0.075
2022,1627826,0.05
2022,1631120,0.234
2022,1630550,0.054
2022,1629630,0.412
2022,203210,0.094
2022,201580,0.051
2022,1631095,0.059
2022,1631133,0.08
2022,1631298,0.093
2022,1631367,0.212
2022,1630702,0.147
2022,1631093,0.269
2022,1630183,0.082
2022,1630531,0.129
2022,203109,0.102
2022,1630256,0.184
2022,1631222,0.068
2022,1627751,0.146
2022,1628973,0.28
2022,1631105,0.069
2022,1630224,0.169
2022,1630552,0.106
2022,1629667,0.094
2022,1630188,0.076
2022,1630591,0.179
2022,1631114,0.152
2022,1631288,0.076
2022,1627750,0.265
2022,1631123,0.091
2022,1630547,0.117
2022,201935,0.439
2022,201949,0.135
2022,1630164,0.057
2022,1630215,0.16
2022,1631197,0.028
2022,1628991,0.048
2022,1629020,0.134
2022,1629714,0.125
2022,1628386,0.073
2022,1629633,0.055
2022,1630554,0.307
2022,1629750,0.062
2022,1629637,0.088
2022,1630643,0.135
2022,1630206,0.056
2022,1627759,0.163
2022,1629669,0.156
2022,1631119,0.109
2022,1628369,0.205
2022,1630288,0.154
2022,201145,0.095
2022,203924,0.103
2022,1630526,0.069
2022,1631110,0.132
2022,1630579,0.044
2022,1628975,0.15
2022,202710,0.264
2022,1629111,0.101
2022,203925,0.091
2022,204060,0.181
2022,1630580,0.083
2022,203954,0.233
2022,1631219,0.066
2022,1628381,0.052
2022,1629723,0.082
2022,202322,0.38
2022,1631098,0.1
2022,1630548,0.051
2022,202685,0.108
2022,1628371,0.085
2022,1630228,0.132
2022,203903,0.209
2022,1630692,0.22
2022,1631160,0.22
2022,1629162,0.264
2022,1629670,0.107
2022,1629673,0.234
2022,1630648,0.167
2022,1630631,0.199
2022,1630528,0.149
2022,1630581,0.293
2022,1630182,0.096
2022,1628404,0.154
2022,1631169,0.065
2022,1629006,0.104
2022,1626196,0.16
2022,1630563,0.237
2022,201950,0.321
2022,1629308,0.122
2022,1627823,0.051
2022,1630577,0.043
2022,203944,0.184
2022,1630551,0.148
2022,203200,0.08
2022,1628382,0.145
2022,1631303,0.056
2022,1626159,0.177
2022,203994,0.16
2022,1630231,0.079
2022,1629644,0.065
2022,1630539,0.041
2022,1626157,0.225
2022,202695,0.19
2022,1631099,0.053
2022,1628966,0.099
2022,1629640,0.137
2022,203482,0.173
2022,1626162,0.057
2022,202689,0.216
2022,1631112,0.091
2022,1629134,0.137
2022,1631113,0.278
2022,1631254,0.198
2022,1629026,0.117
2022,203484,0.092
2022,1631165,0.136
2022,1630553,0.226
2022,1630556,0.073
2022,201142,0.228
2022,1628989,0.137
2022,1628995,0.053
2022,201567,0.131
2022,1629645,0.26
2022,1630284,0.049
2022,1626172,0.136
2022,203920,0.063
2022,203114,0.288
2022,1630165,0.325
2022,1630184,0.137
2022,202691,0.105
2022,1628424,0.313
2022,1627739,0.315
2022,204001,0.125
2022,203937,0.225
2022,1628398,0.164
2022,200768,0.233
2022,202681,0.233
2022,1630163,0.352
2022,1630205,0.04
2022,1629013,0.167
2022,1626204,0.117
2022,1628374,0.086
2022,2544,0.308
2022,1630195,0.121
2022,1631311,0.125
2022,1629623,0.264
2022,1630322,0.071
2022,1629022,0.071
2022,1629663,0.091
2022,1629652,0.09
2022,1629029,0.408
2022,1630568,0.103
2022,1629677,0.115
2022,1628379,0.091
2022,1628436,0.093
2022,1630644,0.29
2022,1630201,0.145
2022,1631103,0.112
2022,1627763,0.223
2022,1630792,0.0
2022,1627736,0.086
2022,1628370,0.258
2022,1629603,0.07
2022,1630699,0.072
2022,202694,0.09
2022,203935,0.256
2022,1631109,0.033
2022,1628365,0.29
2022,202693,0.114
2022,1630250,0.0
2022,1628963,0.058
2022,203486,0.166
2022,1629680,0.059
2022,1630346,0.068
2022,203521,0.279
2022,1631108,0.054
2022,1629622,0.115
2022,1628467,0.079
2022,1630593,0.275
2022,203086,0.012
2022,1629662,0.0
2022,1630695,0.133
2022,203487,0.28
2022,1630701,0.0
2022,1629008,0.048
2022,1628969,0.141
2022,201144,0.295
2022,203488,0.069
2022,1630540,0.13
2022,1629011,0.044
2022,1628964,0.086
2022,1628420,0.249
2022,1626149,0.073
2022,1629021,0.115
2022,1629650,0.021
2022,1630541,0.085
2022,1631217,0.029
2022,1626167,0.074
2022,1630230,0.147
2022,1629642,0.075
2022,1631466,0.1
2022,1630233,0.065
2022,1629675,0.098
2022,1629674,0.067
2022,203457,0.074
2022,1629651,0.091
2022,1630208,0.046
2022,1629638,0.168
2022,201587,0.095
2022,203999,0.412
2022,1631107,0.076
2022,202696,0.146
2022,203943,0.051
2022,1626181,0.115
2022,1628384,0.08
2022,1630167,0.091
2022,1630534,0.072
2022,1630846,0.048
2022,1630209,0.035
2022,1630168,0.06
2022,1631115,0.086
2022,1629052,0.055
2022,203490,0.078
2022,1631172,0.108
2022,200782,0.04
2022,1629023,0.107
2022,1628408,0.196
2022,1631094,0.171
2022,1627783,0.244
2022,1626192,0.069
2022,1631116,0.083
2022,201976,0.137
2022,1630172,0.059
2022,201988,0.136
2022,202331,0.237
2022,1630194,0.051
2022,1630202,0.153
2022,1631212,0.087
2022,1630173,0.063
2022,1629656,0.096
2022,1631245,0.155
2022,1630181,0.11
2022,1629628,0.124
2022,1630564,0.35
2022,203526,0.226
2022,203493,0.063
2022,202704,0.211
2022,1626158,0.04
2022,201937,0.295
2022,203496,0.105
2022,1629057,0.086
2022,201577,0.105
2022,203585,0.071
2022,1629641,0.08
2022,1631199,0.108
2022,1626220,0.155
2022,200752,0.095
2022,203497,0.058
2022,1629060,0.06
2022,201566,0.364
2022,1627853,0.195
2022,1631157,0.214
2022,1630240,0.278
2022,1630180,0.08
2022,1630573,0.076
2022,1630241,0.143
2022,1630572,0.134
2022,1630583,0.076
2022,1630567,0.195
2022,1630590,0.125
2022,201586,0.036
2022,203552,0.121
2022,1631101,0.079
2022,1628983,0.249
2022,1629003,0.213
2022,1627885,0.306
2022,1631323,0.079
2022,1630219,0.368
2022,203915,0.297
2022,1626169,0.179
2022,1630649,0.0
2022,201939,0.274
2022,1628425,0.077
2022,203500,0.107
2022,1629004,0.167
2022,204456,0.39
2022,203933,0.081
2022,201959,0.094
2022,1629659,0.274
2022,1631106,0.075
2022,1627752,0.094
2022,1629611,0.139
2022,1629056,0.11
2022,203082,0.101
2022,1626179,0.22
2022,1630678,0.052
2022,201152,0.133
2022,203648,0.115
2022,1630177,0.247
2022,1629033,0.196
2022,1628418,0.042
2022,203501,0.088
2022,202699,0.114
2022,1628396,0.042
2022,1628470,0.08
2022,1629027,0.414
2022,1630200,0.306
2022,1630544,0.144
2022,1630570,0.162
2022,1630235,0.186
2022,1630243,0.109
2022,1631309,0.176
2022,1631211,0.0
2022,1626168,0.073
2022,1630530,0.063
2022,1628972,0.067
2022,1629660,0.233
2022,1631102,0.152
2022,1628416,0.0
2022,1629639,0.19
2022,1630169,0.457
2022,1631213,0.044
2022,1630178,0.167
2022,1626145,0.286
2022,1628962,0.043
2022,2617,0.0
2022,1630586,0.096
2022,1630176,0.214
2022,203506,0.206
2022,1631246,0.062
2022,1628427,0.125
2022,1630249,0.137
2022,1631117,0.057
2022,1628976,0.119
2022,1631111,0.162
2022,1629117,0.049
2022,202083,0.053
2022,203115,0.162
2022,1626195,0.114
2022,1641645,0.061
2022,1629875,0.455
2022,1630270,0.167
2022,1630214,0.109
2022,1629139,0.071
2022,1628380,0.18
2022,203897,0.187
2022,1630192,0.04
2022,1630533,0.086
2022,1629627,0.231
2023,1630639,0.089
2023,1631260,0.068
2023,1631100,0.041
2023,203932,0.147
2023,1628988,0.157
2023,1630174,0.067
2023,1630598,0.096
2023,1641745,0.364
2023,1641766,0.0
2023,1629678,0.163
2023,201143,0.124
2023,202692,0.115
2023,1630197,0.132
2023,1627936,0.167
2023,1641788,0.0
2023,203458,0.142
2023,1631214,0.0
2023,1630578,0.248
2023,1641735,0.152
2023,1641708,0.165
2023,1629599,0.068
2023,203083,0.041
2023,1641748,0.113
2023,1641847,0.0
2023,1629614,0.208
2023,203952,0.087
2023,1629014,0.268
2023,1641710,0.108
2023,203076,0.151
2023,1630162,0.241
2023,1630264,0.098
2023,1629717,0.06
2023,1630204,0.244
2023,1641709,0.108
2023,1630559,0.237
2023,1630245,0.157
2023,1628389,0.193
2023,1641767,0.072
2023,1627732,0.306
2023,1631097,0.105
2023,1641731,0.086
2023,202687,0.087
2023,1631104,0.257
2023,1626246,0.12
2023,1626171,0.078
2023,203992,0.147
2023,202711,0.102
2023,1629626,0.054
2023,1630538,0.269
2023,203078,0.215
2023,1641764,0.176
2023,1630527,0.06
2023,1629634,0.111
2023,1627742,0.259
2023,1641706,0.114
2023,1630314,0.258
2023,1630296,0.231
2023,1641729,0.134
2023,201572,0.071
2023,1628971,0.132
2023,1628981,0.1
2023,1631121,0.086
2023,1631205,0.054
2023,1627741,0.143
2023,203468,0.209
2023,1630595,0.359
2023,1631216,0.051
2023,1628997,0.118
2023,1629629,0.062
2023,1630560,0.151
2023,1641715,0.058
2023,1629661,0.129
2023,1626166,0.222
2023,1627747,0.258
2023,1641717,0.092
2023,1626224,0.131
2023,1629646,0.136
2023,1629718,0.0
2023,1631096,0.112
2023,1629002,0.08
2023,1628449,0.044
2023,1630537,0.082
2023,1641753,0.075
2023,101108,0.342
2023,1631128,0.109
2023,1626174,0.079
2023,1629643,0.076
2023,203991,0.067
2023,1629632,0.204
2023,1628998,0.192
2023,203469,0.149
2023,1641732,0.159
2023,1630175,0.2
2023,1631306,0.102
2023,1630658,0.107
2023,1631221,0.164
2023,1629012,0.283
2023,1630557,0.111
2023,202709,0.174
2023,1641854,0.265
2023,1626156,0.261
2023,1641793,0.227
2023,1630618,0.15
2023,1628391,0.222
2023,1629610,0.185
2023,1630227,0.14
2023,1630625,0.2
2023,1631207,0.151
2023,1627745,0.097
2023,203081,0.284
2023,1629655,0.083
2023,1628464,0.081
2023,201568,0.127
2023,201980,0.056
2023,203957,0.181
2023,1627863,0.075
2023,203967,0.187
2023,1641727,0.143
2023,1629647,0.062
2023,1629636,0.295
2023,1630561,0.132
2023,1631223,0.102
2023,1630558,0.168
2023,202722,0.076
2023,1630549,0.137
2023,1628368,0.244
2023,1629631,0.073
2023,1629001,0.144
2023,201599,0.098
2023,1630610,0.257
2023,201942,0.22
2023,1629731,0.052
2023,1629028,0.086
2023,1627749,0.274
2023,1626153,0.213
2023,1630166,0.174
2023,203471,0.281
2023,1628372,0.276
2023,1641726,0.06
2023,1631220,0.116
2023,1627884,0.055
2023,201565,0.31
2023,1628401,0.209
2023,1630217,0.272
2023,1626164,0.299
2023,1630170,0.192
2023,1628984,0.219
2023,1641926,0.364
2023,1628415,0.074
2023,1631376,0.0
2023,1627734,0.334
2023,1631230,0.114
2023,1628378,0.268
2023,1628978,0.133
2023,1627827,0.077
2023,203926,0.097
2023,203110,0.276
2023,1629234,0.079
2023,1641809,0.045
2023,1630696,0.187
2023,1629130,0.151
2023,1641871,0.088
2023,203939,0.128
2023,1629685,0.133
2023,1630700,0.157
2023,1630604,0.067
2023,1641734,0.12
2023,201569,0.1
2023,1630647,0.141
2023,203095,0.131
2023,1630596,0.155
2023,1630196,0.0
2023,1628373,0.108
2023,1630532,0.183
2023,1627832,0.312
2023,1627788,0.108
2023,1641713,0.082
2023,1629216,0.126
2023,202066,0.14
2023,1629726,0.049
2023,203914,0.09
2023,1627780,0.094
2023,1629018,0.084
2023,1627777,0.075
2023,203507,0.314
2023,1629048,0.117
2023,202330,0.17
2023,1641711,0.078
2023,1629684,0.114
2023,1628960,0.117
2023,1630535,0.138
2023,1630611,0.097
2023,1628977,0.333
2023,203084,0.056
2023,1628385,0.088
2023,1629312,0.074
2023,1630929,0.154
2023,1630529,0.112
2023,1641816,0.059
2023,1630641,0.088
2023,1630193,0.245
2023,1630171,0.095
2023,1628392,0.127
2023,1630543,0.085
2023,1630198,0.093
2023,1630587,0.071
2023,1630600,0.14
2023,1630191,0.069
2023,202738,0.25
2023,1631209,0.0
2023,202397,0.268
2023,1630688,0.029
2023,1627826,0.075
2023,1631167,0.0
2023,1631120,0.303
2023,1630550,0.052
2023,1629630,0.384
2023,201580,0.076
2023,1631095,0.071
2023,1631133,0.062
2023,1631298,0.024
2023,1631367,0.29
2023,1631210,0.143
2023,1630702,0.17
2023,1631093,0.196
2023,1630183,0.067
2023,1630531,0.121
2023,203109,0.076
2023,1630256,0.085
2023,1630186,0.103
2023,1631170,0.137
2023,1631222,0.116
2023,1627751,0.131
2023,1628973,0.315
2023,1630622,0.0
2023,1631105,0.123
2023,1630224,0.17
2023,1641720,0.129
2023,1630552,0.154
2023,1629667,0.105
2023,1629618,0.25
2023,1641771,0.071
2023,1630188,0.078
2023,1630591,0.147
2023,1631114,0.202
2023,1630592,0.095
2023,1631288,0.056
2023,1627750,0.296
2023,1631123,0.183
2023,1630547,0.125
2023,201935,0.338
2023,201949,0.186
2023,1630164,0.077
2023,1641716,0.138
2023,1630215,0.321
2023,1631197,0.085
2023,1628991,0.133
2023,1629020,0.077
2023,1628386,0.128
2023,1630554,0.25
2023,1631241,0.143
2023,1629750,0.027
2023,1630606,0.0
2023,1629637,0.051
2023,1630643,0.071
2023,1627759,0.165
2023,1629669,0.137
2023,1631119,0.162
2023,1628369,0.211
2023,1630288,0.262
2023,201145,0.079
2023,203924,0.138
2023,1630526,0.091
2023,1631110,0.161
2023,1630579,0.059
2023,1631257,0.06
2023,1629010,0.083
2023,1641724,0.162
2023,1628975,0.129
2023,202710,0.228
2023,1629111,0.113
2023,203925,0.079
2023,204060,0.217
2023,203954,0.315
2023,1628381,0.06
2023,1629723,0.13
2023,1631098,0.068
2023,1630548,0.086
2023,202685,0.128
2023,1628371,0.047
2023,1630228,0.123
2023,1629007,0.226
2023,203903,0.247
2023,1630259,0.118
2023,1630692,0.219
2023,1641722,0.084
2023,1629162,0.229
2023,1641757,0.0
2023,1629670,0.134
2023,1629673,0.212
2023,1641775,0.068
2023,1630631,0.154
2023,1630581,0.252
2023,1630182,0.111
2023,1628404,0.164
2023,1631169,0.119
2023,1629006,0.091
2023,1626196,0.144
2023,1630563,0.0
2023,201950,0.196
2023,1629308,0.108
2023,1631262,0.142
2023,1630577,0.093
2023,1641763,0.052
2023,1631124,0.123
2023,203944,0.217
2023,1630551,0.112
2023,203200,0.098
2023,1628382,0.0
2023,1631303,0.08
2023,203994,0.186
2023,1630231,0.094
2023,1629232,0.0
2023,1626157,0.147
2023,202695,0.165
2023,1631099,0.068
2023,1628966,0.084
2023,1629640,0.142
2023,203482,0.275
2023,1626162,0.072
2023,1631112,0.135
2023,1631254,0.25
2023,1629026,0.12
2023,203484,0.09
2023,1631165,0.115
2023,1630553,0.071
2023,1630556,0.084
2023,201142,0.213
2023,1628989,0.138
2023,1628995,0.057
2023,201567,0.189
2023,1630284,0.2
2023,1626172,0.148
2023,1641749,0.085
2023,1641718,0.244
2023,203114,0.272
2023,1630165,0.268
2023,1630184,0.223
2023,202691,0.11
2023,1641738,0.085
2023,1641723,0.233
2023,1628424,0.3
2023,1627739,0.25
2023,1631200,0.083
2023,204001,0.098
2023,203937,0.264
2023,1628398,0.201
2023,200768,0.212
2023,202681,0.225
2023,1630163,0.395
2023,1630205,0.085
2023,1629013,0.104
2023,1626204,0.129
2023,1628374,0.09
2023,2544,0.358
2023,1641778,0.117
2023,1631159,0.2
2023,1631311,0.126
2023,1629623,0.0
2023,1630322,0.132
2023,1629022,0.113
2023,1629652,0.061
2023,1629029,0.428
2023,1630568,0.05
2023,1629677,0.071
2023,1628379,0.212
2023,1628436,0.089
2023,1630201,0.231
2023,1631103,0.142
2023,1627763,0.301
2023,1630608,0.0
2023,1627736,0.059
2023,1628370,0.29
2023,1642013,0.029
2023,1629603,0.167
2023,1641970,0.027
2023,1630699,0.067
2023,202694,0.066
2023,1631204,0.263
2023,203935,0.211
2023,1631109,0.059
2023,1628365,0.194
2023,202693,0.106
2023,1641806,1.0
2023,1629716,0.051
2023,1628963,0.079
2023,1630222,0.278
2023,203486,0.107
2023,1629680,0.083
2023,1630562,0.062
2023,1630346,0.064
2023,1631108,0.084
2023,1629622,0.166
2023,1628467,0.099
2023,1641721,0.109
2023,1630695,0.046
2023,1629008,0.064
2023,1628969,0.163
2023,201144,0.29
2023,203488,0.082
2023,1628970,0.146
2023,1630540,0.131
2023,1629011,0.031
2023,1628964,0.083
2023,1628420,0.199
2023,1629021,0.109
2023,1629650,0.057
2023,1630541,0.07
2023,1631338,0.081
2023,1631243,0.091
2023,1631217,0.089
2023,1626167,0.065
2023,1630230,0.139
2023,1629642,0.068
2023,1630207,0.159
2023,1631466,0.07
2023,1641877,0.043
2023,1629675,0.085
2023,1629674,0.078
2023,1629651,0.107
2023,1630208,0.046
2023,1641733,0.134
2023,1629638,0.145
2023,201587,0.105
2023,203999,0.391
2023,1631107,0.14
2023,202696,0.153
2023,1641730,0.074
2023,1626181,0.059
2023,1628384,0.084
2023,1630167,0.091
2023,1630534,0.068
2023,1630846,0.029
2023,1641765,0.095
2023,1630209,0.084
2023,1641931,0.069
2023,1630168,0.071
2023,1631115,0.161
2023,1631131,0.065
2023,1629052,0.089
2023,203490,0.058
2023,1631172,0.144
2023,200782,0.041
2023,1629023,0.087
2023,1631094,0.254
2023,1627783,0.189
2023,1626192,0.123
2023,1630311,0.278
2023,1631116,0.078
2023,201976,0.205
2023,1630172,0.077
2023,201988,0.108
2023,202331,0.157
2023,1630194,0.095
2023,1630202,0.208
2023,1631250,0.0
2023,1631212,0.081
2023,1630173,0.088
2023,1629656,0.094
2023,1631245,0.286
2023,1630181,0.127
2023,1629628,0.159
2023,1630564,0.207
2023,1641712,0.131
2023,203493,0.047
2023,202704,0.24
2023,1626158,0.062
2023,1641741,0.08
2023,203496,0.064
2023,1629057,0.065
2023,201577,0.087
2023,1631199,0.333
2023,1626220,0.149
2023,203497,0.057
2023,1629060,0.061
2023,201566,0.285
2023,1627853,0.133
2023,1631157,0.209
2023,1630240,0.248
2023,1630180,0.058
2023,1630573,0.062
2023,1630241,0.149
2023,1630572,0.158
2023,1630583,0.134
2023,1628426,0.051
2023,1630703,0.3
2023,1630567,0.253
2023,1630590,0.31
2023,203552,0.1
2023,1641754,0.0
2023,1631101,0.138
2023,1628983,0.287
2023,1629003,0.149
2023,1627885,0.0
2023,1631321,0.095
2023,1631323,0.084
2023,1630219,0.293
2023,203915,0.217
2023,1630649,0.053
2023,201939,0.241
2023,1629004,0.104
2023,204456,0.406
2023,203933,0.088
2023,201959,0.071
2023,1629659,0.265
2023,1631106,0.087
2023,1627752,0.073
2023,1641707,0.051
2023,1631386,0.208
2023,1629611,0.086
2023,1631173,0.194
2023,1626179,0.268
2023,1630678,0.068
2023,201152,0.178
2023,203648,0.156
2023,1630177,0.174
2023,1628418,0.079
2023,203501,0.094
2023,1641851,0.06
2023,202699,0.136
2023,1628470,0.074
2023,1641787,0.063
2023,1641739,0.072
2023,1629027,0.435
2023,1631218,0.103
2023,1630200,0.298
2023,1630544,0.249
2023,1630570,0.148
2023,1630235,0.311
2023,1630243,0.165
2023,1641998,0.069
2023,1626168,0.079
2023,1630530,0.104
2023,202684,0.134
2023,1641774,0.12
2023,1628972,0.102
2023,1629660,0.273
2023,1631102,0.161
2023,1629639,0.218
2023,1630169,0.444
2023,1630178,0.257
2023,1626145,0.331
2023,1628962,0.038
2023,1630586,0.125
2023,203995,0.307
2023,1641705,0.213
2023,1631246,0.177
2023,1630249,0.114
2023,1631117,0.058
2023,1628976,0.1
2023,1631111,0.094
2023,1629117,0.071
2023,202083,0.078
2023,1629875,0.25
2023,1630214,0.116
2023,1629139,0.045
2023,1628380,0.196
2023,203897,0.172
2023,1630285,0.231
2023,1630192,0.08
2023,1630533,0.118
2023,1629627,0.256
2024,1630639,0.093
2024,1631260,0.086
2024,1642358,0.178
2024,203932,0.143
2024,1628988,0.142
2024,1630174,0.063
2024,1630598,0.102
2024,1641745,0.094
2024,1641766,0.067
2024,1641737,0.043
2024,1642349,0.153
2024,201143,0.102
2024,202692,0.09
2024,1627936,0.171
2024,1642505,0.058
2024,203458,0.143
2024,1642024,0.023
2024,1642259,0.139
2024,1631214,0.333
2024,1630578,0.238
2024,1641708,0.167
2024,1629599,0.065
2024,203083,0.07
2024,1641748,0.109
2024,1629614,0.225
2024,203952,0.137
2024,1629014,0.241
2024,1641710,0.201
2024,203076,0.182
2024,1630162,0.209
2024,1630264,0.059
2024,1641817,0.125
2024,1641810,0.089
2024,1630574,0.075
2024,1642422,0.026
2024,1641709,0.139
2024,1630559,0.241
2024,1630245,0.21
2024,1628389,0.204
2024,1631248,0.12
2024,1641767,0.087
2024,1627732,0.358
2024,1631097,0.09
2024,1641731,0.15
2024,202687,0.079
2024,1631104,0.225
2024,1626171,0.126
2024,1641752,0.212
2024,203992,0.152
2024,1629626,0.071
2024,1630538,0.246
2024,203078,0.177
2024,1642382,0.077
2024,1641764,0.194
2024,1630527,0.14
2024,1629634,0.072
2024,1627742,0.28
2024,1641706,0.182
2024,1630314,0.228
2024,1630296,0.0
2024,1641729,0.117
2024,1642355,0.191
2024,201572,0.078
2024,1628971,0.133
2024,1628981,0.194
2024,1631121,0.105
2024,1642267,0.213
2024,1627741,0.106
2024,203468,0.192
2024,1630595,0.409
2024,1631216,0.066
2024,1628997,0.116
2024,1642353,0.167
2024,1629629,0.049
2024,1642285,0.182
2024,1630560,0.217
2024,1641715,0.09
2024,1629661,0.179
2024,1626166,0.251
2024,1627747,0.178
2024,1641717,0.117
2024,1629646,0.072
2024,1631096,0.091
2024,1628449,0.057
2024,1630537,0.173
2024,1641753,0.078
2024,101108,0.342
2024,1631128,0.096
2024,1631132,0.068
2024,1629643,0.101
2024,203991,0.073
2024,1629632,0.197
2024,1628998,0.128
2024,1642262,0.078
2024,1641732,0.123
2024,1630175,0.253
2024,1631306,0.022
2024,1630658,0.092
2024,1631221,0.235
2024,1629012,0.246
2024,1630557,0.094
2024,202709,0.166
2024,1641854,0.191
2024,1642385,0.0
2024,1626156,0.302
2024,1630618,0.1
2024,1629610,0.073
2024,1631342,0.047
2024,1630227,0.231
2024,1630625,0.213
2024,1631207,0.136
2024,1642261,0.067
2024,203081,0.299
2024,1641878,0.235
2024,1627814,0.121
2024,1629655,0.097
2024,1628464,0.131
2024,1642450,0.2
2024,203957,0.22
2024,203967,0.17
2024,1641727,0.078
2024,1629636,0.309
2024,1630561,0.133
2024,1631223,0.121
2024,1630558,0.237
2024,1630549,0.158
2024,1628368,0.262
2024,1629631,0.077
2024,1629001,0.205
2024,201599,0.105
2024,201942,0.182
2024,1629731,0.073
2024,1629028,0.083
2024,1627749,0.347
2024,1626153,0.162
2024,1630166,0.193
2024,203471,0.287
2024,1641726,0.143
2024,1627884,0.044
2024,1628401,0.199
2024,1630217,0.235
2024,1626164,0.301
2024,1642269,0.139
2024,1630170,0.139
2024,1628415,0.076
2024,1641794,0.143
2024,1627734,0.251
2024,1631230,0.07
2024,1642270,0.081
2024,1628378,0.238
2024,1628978,0.203
2024,1627827,0.066
2024,203926,0.028
2024,203110,0.255
2024,1629234,0.11
2024,1641809,0.095
2024,1631166,0.137
2024,1630696,0.128
2024,1629130,0.148
2024,1641871,0.083
2024,203939,0.13
2024,1630700,0.174
2024,1630604,0.064
2024,203901,0.443
2024,1641989,0.073
2024,1641801,0.105
2024,1641734,0.2
2024,1642402,0.062
2024,201569,0.118
2024,1630596,0.149
2024,1630532,0.247
2024,1627832,0.217
2024,1641713,0.085
2024,1629216,0.09
2024,202066,0.171
2024,1629726,0.102
2024,203914,0.058
2024,1627780,0.132
2024,1629018,0.064
2024,1627777,0.087
2024,203507,0.339
2024,1629048,0.142
2024,1641711,0.087
2024,1629684,0.107
2024,1628960,0.125
2024,1627824,0.114
2024,1630611,0.138
2024,203084,0.085
2024,1631127,0.086
2024,1629312,0.084
2024,1630529,0.134
2024,1641816,0.074
2024,1630193,0.32
2024,1642403,0.057
2024,1630171,0.078
2024,1642268,0.342
2024,1642384,0.029
2024,1628392,0.178
2024,1630543,0.079
2024,1630198,0.096
2024,1630600,0.556
2024,1641815,0.0
2024,1630191,0.12
2024,1631209,0.187
2024,1627826,0.121
2024,1631120,0.277
2024,1630550,0.04
2024,1629630,0.355
2024,1642266,0.105
2024,1631095,0.048
2024,1631133,0.071
2024,1629098,0.038
2024,1642050,0.1
2024,1631210,0.133
2024,1630702,0.138
2024,1631093,0.207
2024,1630183,0.091
2024,1630531,0.13
2024,203109,0.077
2024,1630256,0.107
2024,1626143,0.25
2024,1642443,0.231
2024,1631170,0.181
2024,1631222,0.15
2024,1627751,0.136
2024,1641779,0.0
2024,1628973,0.318
2024,1631105,0.141
2024,1630224,0.159
2024,1641720,0.165
2024,1630552,0.203
2024,1629667,0.25
2024,1629618,0.211
2024,1630188,0.101
2024,1630591,0.216
2024,1631114,0.233
2024,1630592,0.11
2024,1631288,0.065
2024,1627750,0.223
2024,1642347,0.307
2024,1631123,0.213
2024,201935,0.365
2024,201949,0.16
2024,1630164,0.0
2024,1642419,0.073
2024,1641716,0.129
2024,1630215,0.317
2024,1642272,0.171
2024,1631197,0.098
2024,1628991,0.102
2024,1629020,0.094
2024,1628386,0.091
2024,1629750,0.059
2024,1629637,0.076
2024,1630643,0.077
2024,1627759,0.204
2024,1641740,0.067
2024,1641798,0.12
2024,1629669,0.176
2024,1631301,0.176
2024,1642377,0.082
2024,1631119,0.19
2024,1642281,0.135
2024,1628369,0.266
2024,1641789,0.154
2024,1630288,0.196
2024,201145,0.068
2024,203924,0.099
2024,1630526,0.101
2024,1631110,0.138
2024,1630579,0.068
2024,1642399,0.25
2024,1641724,0.102
2024,1628975,0.166
2024,202710,0.26
2024,1629111,0.102
2024,204060,0.261
2024,203954,0.286
2024,1628381,0.105
2024,1629723,0.095
2024,1631098,0.064
2024,1642277,0.063
2024,1630548,0.08
2024,202685,0.171
2024,1628371,0.056
2024,1630228,0.151
2024,1642367,0.16
2024,203903,0.238
2024,1630692,0.108
2024,1641722,0.076
2024,1629162,0.208
2024,1641757,0.124
2024,1629673,0.254
2024,1641775,0.064
2024,1630631,0.278
2024,1630528,0.145
2024,1630581,0.322
2024,1630182,0.081
2024,1628404,0.206
2024,1631169,0.096
2024,1629006,0.082
2024,1626196,0.117
2024,201950,0.174
2024,1630577,0.078
2024,1641763,0.045
2024,1631124,0.082
2024,203944,0.228
2024,1630551,0.066
2024,1642348,0.084
2024,1631303,0.108
2024,203994,0.167
2024,1630231,0.074
2024,1642354,0.21
2024,1630539,0.08
2024,1626157,0.13
2024,1631255,0.083
2024,202695,0.147
2024,1630811,0.224
2024,1631099,0.055
2024,1631232,0.062
2024,1642276,0.062
2024,1629640,0.105
2024,203482,0.2
2024,1626162,0.079
2024,1629026,0.111
2024,203484,0.086
2024,1631165,0.08
2024,1630553,0.148
2024,1642352,0.058
2024,1630556,0.09
2024,201142,0.188
2024,1628989,0.124
2024,1628995,0.086
2024,201567,0.134
2024,1641755,0.111
2024,1629645,0.276
2024,1626172,0.143
2024,1641718,0.272
2024,203114,0.251
2024,1630165,0.274
2024,202691,0.104
2024,1641738,0.137
2024,1641723,0.213
2024,1627739,0.153
2024,1631200,0.09
2024,204001,0.113
2024,203937,0.211
2024,1642271,0.14
2024,1628398,0.123
2024,200768,0.206
2024,1630283,0.056
2024,202681,0.198
2024,1642273,0.133
2024,1630163,0.39
2024,1630205,0.063
2024,1629013,0.049
2024,1626204,0.125
2024,1628374,0.074
2024,2544,0.395
2024,1631159,0.0
2024,1631311,0.198
2024,1641857,0.056
2024,1630322,0.092
2024,1629022,0.167
2024,1628366,0.187
2024,1629652,0.067
2024,1629029,0.342
2024,1630568,0.082
2024,1628379,0.179
2024,1628436,0.115
2024,1631247,0.113
2024,1630644,0.333
2024,1630201,0.233
2024,1631103,0.139
2024,1627763,0.267
2024,1642502,0.111
2024,1627736,0.089
2024,1628370,0.246
2024,1630699,0.124
2024,1630542,0.056
2024,1630585,0.255
2024,1631204,0.239
2024,203935,0.221
2024,1631109,0.154
2024,1628365,0.208
2024,202693,0.191
2024,1628963,0.063
2024,1630222,0.379
2024,203486,0.133
2024,1641824,0.072
2024,1629680,0.126
2024,1630346,0.083
2024,1631108,0.093
2024,1629622,0.157
2024,1628467,0.087
2024,1641721,0.091
2024,1630695,0.058
2024,1629008,0.084
2024,1628969,0.141
2024,201144,0.243
2024,1628970,0.203
2024,1630540,0.155
2024,1641936,0.0
2024,1629011,0.062
2024,1628964,0.068
2024,1628420,0.188
2024,1629021,0.135
2024,1629650,0.029
2024,1630541,0.084
2024,1631243,0.064
2024,1631217,0.069
2024,1626167,0.072
2024,1642368,0.05
2024,1641772,0.053
2024,1630230,0.161
2024,1631466,0.079
2024,1629675,0.123
2024,1629674,0.076
2024,1629651,0.14
2024,1630208,0.058
2024,1641733,0.169
2024,1629638,0.149
2024,201587,0.082
2024,203999,0.398
2024,1631107,0.174
2024,202696,0.165
2024,1641730,0.063
2024,1626181,0.096
2024,1628384,0.084
2024,1630167,0.116
2024,1630534,0.081
2024,1641765,0.101
2024,1630168,0.113
2024,1631115,0.152
2024,1631131,0.051
2024,1629052,0.04
2024,1642345,0.095
2024,1631172,0.107
2024,200782,0.0
2024,1629023,0.098
2024,1628408,0.167
2024,1641790,0.118
2024,1642359,0.063
2024,1631094,0.262
2024,1627783,0.155
2024,1626192,0.159
2024,1630311,0.274
2024,1631116,0.042
2024,1630172,0.106
2024,201988,0.123
2024,202331,0.217
2024,1630194,0.141
2024,1630202,0.184
2024,1641796,0.116
2024,1631250,0.106
2024,1631212,0.073
2024,1630762,0.065
2024,1630173,0.065
2024,1629656,0.172
2024,1631245,0.193
2024,1642439,0.2
2024,1642366,0.131
2024,1629628,0.257
2024,1642484,0.255
2024,1641712,0.083
2024,1641736,0.205
2024,1642263,0.153
2024,202704,0.172
2024,1626158,0.112
2024,1641741,0.115
2024,1642434,0.0
2024,1642265,0.283
2024,1629057,0.09
2024,1631199,0.143
2024,1641842,0.095
2024,1626220,0.128
2024,203497,0.075
2024,1629060,0.063
2024,201566,0.289
2024,1642346,0.059
2024,1631157,0.173
2024,1630573,0.057
2024,1630241,0.099
2024,1630572,0.108
2024,1630583,0.149
2024,1630703,0.274
2024,1630567,0.279
2024,1630590,0.283
2024,203552,0.087
2024,1631101,0.138
2024,1628983,0.299
2024,1629003,0.184
2024,1631321,0.197
2024,1631323,0.071
2024,1627746,0.125
2024,203915,0.228
2024,1642461,0.06
2024,1630649,0.071
2024,201939,0.284
2024,1642264,0.231
2024,203500,0.107
2024,1629004,0.144
2024,204456,0.359
2024,201959,0.081
2024,1629659,0.162
2024,1631106,0.082
2024,1627752,0.093
2024,1641707,0.04
2024,1631386,0.125
2024,1629611,0.118
2024,1629056,0.167
2024,1630545,0.139
2024,1626179,0.152
2024,1630678,0.286
2024,1628418,0.078
2024,1642275,0.092
2024,203501,0.074
2024,202699,0.095
2024,1642449,0.0
2024,1628396,0.08
2024,1628470,0.078
2024,1641787,0.132
2024,1641739,0.096
2024,1629027,0.452
2024,1631218,0.163
2024,1630200,0.289
2024,1630544,0.219
2024,1630570,0.211
2024,1642280,0.0
2024,1630243,0.141
2024,1641725,0.136
2024,1641998,0.058
2024,1626168,0.084
2024,1630530,0.157
2024,202684,0.109
2024,1641774,0.136
2024,1641783,0.105
2024,1641803,0.182
2024,1629660,0.241
2024,1631102,0.188
2024,1629639,0.254
2024,1642278,0.321
2024,1641890,0.056
2024,1630169,0.384
2024,1631213,0.15
2024,1630178,0.276
2024,1630623,0.126
2024,1626145,0.276
2024,1642279,0.111
2024,203995,0.258
2024,1641705,0.184
2024,1631246,0.14
2024,1628427,0.095
2024,1630249,0.175
2024,1631117,0.083
2024,1628976,0.117
2024,1631111,0.13
2024,1630214,0.043
2024,1642530,0.257
2024,1641879,0.333
2024,1642274,0.072
2024,1642258,0.068
2024,1628380,0.162
2024,1641744,0.059
2024,203897,0.178
2024,1630192,0.051
2024,1630533,0.086
2024,1629627,0.325
2024,1642389,0.0
2025,1630639,0.046
2025,1631260,0.09
2025,1642358,0.151
2025,203932,0.13
2025,1628988,0.105
2025,1630174,0.091
2025,1630598,0.11
2025,1642846,0.098
2025,1642380,0.119
2025,1641737,0.034
2025,1642876,0.094
2025,1642349,0.194
2025,201143,0.171
2025,1630828,0.083
2025,1627936,0.145
2025,1631457,0.19
2025,1642259,0.161
2025,1642918,0.129
2025,1631214,0.14
2025,1630578,0.282
2025,1642873,0.116
2025,1641708,0.202
2025,1629599,0.076
2025,1643158,0.107
2025,203083,0.09
2025,1641748,0.16
2025,1629614,0.37
2025,203952,0.123
2025,1629014,0.151
2025,1641710,0.185
2025,203076,0.14
2025,1630162,0.174
2025,1630264,0.101
2025,1641810,0.068
2025,1630574,0.08
2025,1642854,0.072
2025,1641709,0.155
2025,1630559,0.237
2025,1630245,0.202
2025,1628389,0.142
2025,1631248,0.108
2025,1642879,0.244
2025,1641767,0.112
2025,1631097,0.123
2025,1643016,0.158
2025,1641731,0.137
2025,202687,0.056
2025,1642396,0.077
2025,1631104,0.254
2025,1626171,0.103
2025,1641752,0.128
2025,203992,0.184
2025,1630538,0.222
2025,203078,0.106
2025,1642382,0.086
2025,1641764,0.198
2025,1629634,0.071
2025,1627742,0.169
2025,1641706,0.173
2025,1630314,0.256
2025,1641729,0.124
2025,1642355,0.195
2025,201572,0.087
2025,1642964,0.094
2025,1628971,0.121
2025,1631121,0.091
2025,1642267,0.231
2025,1631205,0.0
2025,1627741,0.129
2025,1643047,0.053
2025,203468,0.194
2025,1630595,0.43
2025,1631216,0.083
2025,1631126,0.187
2025,1628997,0.131
2025,1642353,0.097
2025,1642285,0.332
2025,1630560,0.208
2025,1641715,0.067
2025,1629661,0.098
2025,1626166,0.22
2025,1627747,0.202
2025,1642868,0.08
2025,1641717,0.127
2025,1642907,0.154
2025,1643052,0.165
2025,1629646,0.078
2025,1642404,0.085
2025,1631096,0.082
2025,1628449,0.042
2025,1641753,0.091
2025,1643024,0.091
2025,101108,0.351
2025,1642959,0.092
2025,1631128,0.108
2025,1631132,0.064
2025,1642935,0.286
2025,203991,0.072
2025,1629632,0.242
2025,1628998,0.065
2025,1642262,0.111
2025,1641732,0.333
2025,1630175,0.354
2025,1630658,0.053
2025,1631221,0.228
2025,1642867,0.122
2025,1629012,0.217
2025,1642843,0.212
2025,1630557,0.121
2025,1642504,0.11
2025,1641854,0.225
2025,1642938,0.147
2025,1626156,0.328
2025,1629610,0.025
2025,1641747,0.125
2025,1631342,0.065
2025,1630625,0.268
2025,1631207,0.167
2025,1642261,0.059
2025,1629655,0.071
2025,1642450,0.27
2025,1642874,0.178
2025,203967,0.061
2025,1641727,0.078
2025,1642468,0.0
2025,1629636,0.322
2025,1642357,0.316
2025,1631223,0.078
2025,1630558,0.285
2025,1630549,0.207
2025,1628368,0.286
2025,1629631,0.11
2025,1629001,0.164
2025,201599,0.077
2025,1630610,0.265
2025,201942,0.196
2025,1629731,0.082
2025,1629028,0.044
2025,1627749,0.336
2025,1630166,0.316
2025,203471,0.294
2025,1641726,0.153
2025,1642852,0.208
2025,1627884,0.068
2025,1628401,0.221
2025,1630217,0.19
2025,1626164,0.293
2025,1642269,0.209
2025,1630170,0.107
2025,1628415,0.095
2025,1641794,0.108
2025,1627734,0.209
2025,1631230,0.069
2025,1642270,0.112
2025,1628378,0.266
2025,1628978,0.164
2025,1627827,0.078
2025,203926,0.073
2025,1642962,0.113
2025,203110,0.278
2025,1629234,0.052
2025,1641809,0.044
2025,1631166,0.145
2025,1630696,0.214
2025,1629130,0.094
2025,1641871,0.059
2025,203939,0.095
2025,1642928,0.095
2025,1642844,0.246
2025,1630700,0.23
2025,1630604,0.114
2025,1642856,0.199
2025,1641989,0.177
2025,1641801,0.211
2025,1642402,0.057
2025,201569,0.063
2025,1630679,0.122
2025,1630596,0.168
2025,1630532,0.175
2025,1641713,0.103
2025,1629216,0.109
2025,202066,0.205
2025,1629726,0.069
2025,203914,0.105
2025,1627780,0.164
2025,1629018,0.082
2025,203507,0.344
2025,1629048,0.124
2025,1641711,0.066
2025,1641761,0.217
2025,1629684,0.106
2025,1628960,0.206
2025,1627824,0.087
2025,1630611,0.168
2025,203084,0.097
2025,1631127,0.048
2025,1643060,0.05
2025,1629312,0.119
2025,1630529,0.13
2025,1642864,0.047
2025,1630621,0.065
2025,1642282,0.235
2025,1641816,0.17
2025,1630193,0.261
2025,1642403,0.048
2025,1630171,0.079
2025,1642268,0.404
2025,1642384,0.079
2025,1628392,0.189
2025,1630543,0.083
2025,1630198,0.089
2025,1630587,0.078
2025,1641815,0.357
2025,1630191,0.073
2025,1627826,0.11
2025,1631120,0.219
2025,1629630,0.447
2025,1642266,0.079
2025,1631095,0.073
2025,1631133,0.061
2025,1631210,0.091
2025,1630702,0.095
2025,1631093,0.145
2025,1630183,0.121
2025,1630256,0.095
2025,1642942,0.141
2025,1642443,0.18
2025,1643141,0.05
2025,1631170,0.24
2025,1631222,0.093
2025,1627751,0.111
2025,1628973,0.307
2025,1631105,0.104
2025,1630224,0.181
2025,1630552,0.325
2025,1629618,0.208
2025,1641771,0.167
2025,1630188,0.081
2025,1630591,0.284
2025,1631114,0.274
2025,1630592,0.098
2025,1631288,0.085
2025,1627750,0.298
2025,1642347,0.306
2025,1631123,0.191
2025,201935,0.347
2025,1630164,0.075
2025,1642364,0.089
2025,1642419,0.062
2025,1641716,0.143
2025,1642272,0.111
2025,1628991,0.105
2025,1629020,0.098
2025,1628386,0.092
2025,1642859,0.145
2025,1642914,0.257
2025,1631451,0.127
2025,1629750,0.052
2025,1629637,0.071
2025,1630643,0.105
2025,1627759,0.251
2025,1641740,0.064
2025,1642377,0.085
2025,1631119,0.169
2025,1642281,0.115
2025,1643257,0.0
2025,1628369,0.246
2025,201145,0.07
2025,203924,0.107
2025,1642847,0.195
2025,1630526,0.057
2025,1631110,0.124
2025,1630579,0.109
2025,1641724,0.095
2025,1628975,0.148
2025,202710,0.24
2025,1642866,0.052
2025,1629111,0.11
2025,204060,0.268
2025,203954,0.209
2025,1628381,0.058
2025,1629723,0.136
2025,1642967,0.061
2025,1642910,0.083
2025,1641780,0.118
2025,1642277,0.085
2025,1630548,0.095
2025,202685,0.15
2025,1628371,0.062
2025,1630228,0.148
2025,1642367,0.159
2025,203903,0.11
2025,1630692,0.136
2025,1641722,0.086
2025,1629162,0.199
2025,1641757,0.157
2025,1629673,0.185
2025,1641775,0.059
2025,1630631,0.244
2025,1630581,0.41
2025,1630182,0.069
2025,1628404,0.212
2025,1631169,0.083
2025,1642490,0.05
2025,1629006,0.065
2025,201950,0.302
2025,1630577,0.071
2025,1641763,0.032
2025,1642882,0.084
2025,1631124,0.101
2025,203944,0.227
2025,1630551,0.087
2025,1642348,0.114
2025,203994,0.261
2025,1642354,0.246
2025,1642955,0.138
2025,1642880,0.262
2025,1626157,0.142
2025,1631255,0.079
2025,1642857,0.178
2025,202695,0.193
2025,1630811,0.264
2025,1631099,0.07
2025,1642276,0.046
2025,1629640,0.085
2025,203482,0.203
2025,1626162,0.073
2025,1631113,0.261
2025,1629026,0.132
2025,203484,0.181
2025,1631165,0.067
2025,1642352,0.036
2025,1642933,0.222
2025,201142,0.203
2025,1628989,0.161
2025,201567,0.145
2025,1641755,0.208
2025,1629645,0.336
2025,1626172,0.148
2025,1641718,0.286
2025,1642863,0.021
2025,203114,0.171
2025,1630165,0.265
2025,202691,0.096
2025,1641738,0.123
2025,1641723,0.128
2025,1642920,0.117
2025,1642886,0.189
2025,1642851,0.158
2025,1627739,0.179
2025,1631200,0.082
2025,204001,0.162
2025,203937,0.204
2025,1642271,0.156
2025,1628398,0.153
2025,200768,0.131
2025,1642273,0.226
2025,1643018,0.092
2025,1630163,0.384
2025,1642950,0.153
2025,1629013,0.084
2025,1626204,0.105
2025,1628374,0.101
2025,1643133,0.07
2025,2544,0.338
2025,1641778,0.064
2025,1631159,0.077
2025,1642862,0.096
2025,1630322,0.09
2025,1628366,0.236
2025,1631351,0.108
2025,1629652,0.059
2025,1629029,0.387
2025,1630568,0.085
2025,1628379,0.139
2025,1628436,0.114
2025,1631247,0.123
2025,1630644,0.096
2025,1641869,0.204
2025,1631103,0.131
2025,1642502,0.117
2025,1628370,0.208
2025,1630699,0.109
2025,1631204,0.217
2025,203935,0.133
2025,1641813,0.125
2025,1631109,0.064
2025,1628365,0.308
2025,1628963,0.107
2025,203486,0.145
2025,1641824,0.103
2025,1629680,0.079
2025,1631108,0.095
2025,1642917,0.087
2025,1629622,0.113
2025,1628467,0.075
2025,1642875,0.074
2025,1642877,0.089
2025,1630695,0.111
2025,1629008,0.165
2025,1628969,0.158
2025,201144,0.205
2025,1628970,0.154
2025,1642939,0.133
2025,1630540,0.136
2025,1629011,0.058
2025,1628964,0.037
2025,1642885,0.114
2025,1628420,0.29
2025,1629021,0.107
2025,1630541,0.093
2025,1631338,0.162
2025,1631243,0.076
2025,1630619,0.023
2025,1631217,0.099
2025,1626167,0.079
2025,1642066,0.143
2025,1642368,0.0
2025,1641772,0.071
2025,1630230,0.162
2025,1631466,0.083
2025,1629675,0.124
2025,1629674,0.091
2025,1629651,0.216
2025,1630208,0.033
2025,1641733,0.127
2025,1629638,0.155
2025,201587,0.069
2025,1628502,0.055
2025,203999,0.458
2025,1631107,0.173
2025,1642260,0.383
2025,202696,0.175
2025,1642363,0.13
2025,1642855,0.0
2025,1641730,0.095
2025,1642869,0.124
2025,1642849,0.265
2025,1641807,0.182
2025,1626181,0.123
2025,1628384,0.09
2025,1630167,0.193
2025,1630534,0.07
2025,1630846,0.143
2025,1641765,0.077
2025,1630209,0.103
2025,1630168,0.14
2025,1631115,0.158
2025,1631131,0.101
2025,1642345,0.139
2025,1631172,0.185
2025,1629023,0.082
2025,1641790,0.077
2025,1642359,0.13
2025,1631094,0.235
2025,1627783,0.19
2025,1626192,0.11
2025,1630311,0.27
2025,1631116,0.072
2025,1630172,0.101
2025,202331,0.175
2025,1630194,0.134
2025,1630202,0.234
2025,1642362,0.0
2025,1641796,0.163
2025,1631250,0.092
2025,1631212,0.096
2025,1630173,0.082
2025,1629656,0.159
2025,1631245,0.227
2025,1642366,0.116
2025,1629628,0.157
2025,1642853,0.033
2025,1642484,0.26
2025,1641712,0.093
2025,1642263,0.183
2025,1642434,0.104
2025,1642265,0.206
2025,1629057,0.089
2025,1642911,0.067
2025,1631199,0.1
2025,1641842,0.088
2025,1626220,0.129
2025,203497,0.074
2025,1629060,0.041
2025,201566,0.33
2025,1642346,0.105
2025,1641750,0.053
2025,1642948,0.353
2025,1631157,0.264
2025,1630180,0.12
2025,1630573,0.077
2025,1630241,0.119
2025,1630572,0.123
2025,1630583,0.153
2025,1630703,0.231
2025,1630567,0.255
2025,1630590,0.324
2025,1642951,0.294
2025,203552,0.106
2025,1631101,0.151
2025,1628983,0.332
2025,1630536,0.256
2025,1631321,0.107
2025,1631323,0.121
2025,1642883,0.121
2025,1627746,0.115
2025,1642461,0.047
2025,1630649,0.333
2025,201939,0.245
2025,1642264,0.344
2025,203500,0.084
2025,1629004,0.107
2025,204456,0.469
2025,1643007,0.113
2025,201959,0.092
2025,1631106,0.078
2025,1627752,0.102
2025,1641707,0.07
2025,1629611,0.182
2025,1630545,0.102
2025,203648,0.172
2025,1628418,0.067
2025,1642275,0.071
2025,203501,0.07
2025,202699,0.12
2025,1643253,0.039
2025,1642449,0.143
2025,1628396,0.077
2025,1641787,0.0
2025,1641739,0.103
2025,1629027,0.44
2025,1631218,0.122
2025,1642848,0.122
2025,1630200,0.284
2025,1630544,0.223
2025,1630570,0.229
2025,1642280,0.5
2025,1630286,0.078
2025,1631211,0.0
2025,1641725,0.107
2025,1641998,0.088
2025,1630530,0.16
2025,1642400,0.101
2025,1641774,0.133
2025,1641783,0.092
2025,1641803,0.0
2025,1629660,0.409
2025,1631102,0.283
2025,1631174,0.062
2025,1629639,0.199
2025,1642278,0.328
2025,1641890,0.041
2025,1631213,0.163
2025,1630178,0.288
2025,1642878,0.196
2025,1630623,0.17
2025,1626145,0.222
2025,1642845,0.172
2025,1641705,0.17
2025,1631246,0.281
2025,1642884,0.136
2025,1630249,0.099
2025,1631117,0.155
2025,1642383,0.274
2025,1628976,0.095
2025,1631111,0.068
2025,1642954,0.094
2025,1642860,0.131
2025,1630214,0.113
2025,1642905,0.111
2025,1642949,0.041
2025,1642530,0.266
2025,1642274,0.087
2025,1642258,0.068
2025,1628380,0.114
2025,1641744,0.061
2025,203897,0.111
2025,1630192,0.069
2025,1630533,0.076
2025,1629627,0.174
2025,1642389,0.281
